solid OpenSCAD_Model
  facet normal -1 -0 0
    outer loop
      vertex -53.05 -8.4 -6.005
      vertex -53.05 -8.4 -5.995
      vertex -53.05 0 -5.995
    endloop
  endfacet
  facet normal -0.705332 -1.0055e-06 -0.708877
    outer loop
      vertex -53.05 -8.4 -6.005
      vertex -53.05 -1.35 -6.00501
      vertex -52.05 -7.4 -7
    endloop
  endfacet
  facet normal -1 -0 0
    outer loop
      vertex -53.05 -8.4 -6.005
      vertex -53.05 0 -6.005
      vertex -53.05 -1.35 -6.00501
    endloop
  endfacet
  facet normal -1 0 0
    outer loop
      vertex -53.05 -8.4 -6.005
      vertex -53.05 0 -5.995
      vertex -53.05 0 -6.005
    endloop
  endfacet
  facet normal 0 -0.705332 -0.708877
    outer loop
      vertex -53.05 -8.4 -6.005
      vertex -52.05 -7.4 -7
      vertex 53.05 -8.4 -6.005
    endloop
  endfacet
  facet normal 0 -1 0
    outer loop
      vertex -53.05 -8.4 -6.005
      vertex 53.05 -8.4 -6.005
      vertex 53.05 -8.4 -5.995
    endloop
  endfacet
  facet normal 0 -1 0
    outer loop
      vertex -53.05 -8.4 -6.005
      vertex 53.05 -8.4 -5.995
      vertex -53.05 -8.4 -5.995
    endloop
  endfacet
  facet normal -1 -0 0
    outer loop
      vertex -53.05 -8.4 -5.995
      vertex -53.05 -8.4 48.894
      vertex -53.05 -1.35 48.894
    endloop
  endfacet
  facet normal 0 0 0
    outer loop
      vertex -53.05 -8.4 -5.995
      vertex -53.05 -1.35 -5.995
      vertex -53.05 0 -5.995
    endloop
  endfacet
  facet normal -1 0 0
    outer loop
      vertex -53.05 -8.4 -5.995
      vertex -53.05 -1.35 48.894
      vertex -53.05 -1.35 -5.995
    endloop
  endfacet
  facet normal 0 -1 0
    outer loop
      vertex -53.05 -8.4 -5.995
      vertex -50.55 -8.4 51.394
      vertex -53.05 -8.4 48.894
    endloop
  endfacet
  facet normal 0 -1 -0
    outer loop
      vertex -53.05 -8.4 -5.995
      vertex 50.55 -8.4 51.394
      vertex -50.55 -8.4 51.394
    endloop
  endfacet
  facet normal 0 -1 0
    outer loop
      vertex -53.05 -8.4 -5.995
      vertex 53.05 -8.4 -5.995
      vertex 50.55 -8.4 51.394
    endloop
  endfacet
  facet normal -0.996913 0 0.0785092
    outer loop
      vertex -53.05 -8.4 48.894
      vertex -53.0192 -8.4 49.2851
      vertex -53.0192 -1.35 49.2851
    endloop
  endfacet
  facet normal -0.996913 0 0.0785092
    outer loop
      vertex -53.05 -8.4 48.894
      vertex -53.0192 -1.35 49.2851
      vertex -53.05 -1.35 48.894
    endloop
  endfacet
  facet normal 0 -1 0
    outer loop
      vertex -53.05 -8.4 48.894
      vertex -52.9276 -8.4 49.6665
      vertex -53.0192 -8.4 49.2851
    endloop
  endfacet
  facet normal 0 -1 0
    outer loop
      vertex -53.05 -8.4 48.894
      vertex -52.7775 -8.4 50.029
      vertex -52.9276 -8.4 49.6665
    endloop
  endfacet
  facet normal 0 -1 0
    outer loop
      vertex -53.05 -8.4 48.894
      vertex -52.5725 -8.4 50.3634
      vertex -52.7775 -8.4 50.029
    endloop
  endfacet
  facet normal 0 -1 0
    outer loop
      vertex -53.05 -8.4 48.894
      vertex -52.3177 -8.4 50.6617
      vertex -52.5725 -8.4 50.3634
    endloop
  endfacet
  facet normal 0 -1 0
    outer loop
      vertex -53.05 -8.4 48.894
      vertex -52.0195 -8.4 50.9165
      vertex -52.3177 -8.4 50.6617
    endloop
  endfacet
  facet normal 0 -1 0
    outer loop
      vertex -53.05 -8.4 48.894
      vertex -51.685 -8.4 51.1215
      vertex -52.0195 -8.4 50.9165
    endloop
  endfacet
  facet normal 0 -1 0
    outer loop
      vertex -53.05 -8.4 48.894
      vertex -51.3225 -8.4 51.2716
      vertex -51.685 -8.4 51.1215
    endloop
  endfacet
  facet normal 0 -1 0
    outer loop
      vertex -53.05 -8.4 48.894
      vertex -50.9411 -8.4 51.3632
      vertex -51.3225 -8.4 51.2716
    endloop
  endfacet
  facet normal 0 -1 0
    outer loop
      vertex -53.05 -8.4 48.894
      vertex -50.55 -8.4 51.394
      vertex -50.9411 -8.4 51.3632
    endloop
  endfacet
  facet normal 0 1 0
    outer loop
      vertex -53.05 -1.35 -6.00501
      vertex -53.05 -1.35 -5.995
      vertex -51.9 -1.35 -5.85001
    endloop
  endfacet
  facet normal 1 0 0
    outer loop
      vertex -53.05 -1.35 -6.00501
      vertex -53.05 0 -6.00501
      vertex -53.05 -1.35 -5.995
    endloop
  endfacet
  facet normal -1 0 0
    outer loop
      vertex -53.05 -1.35 -6.00501
      vertex -53.05 0 -6.005
      vertex -53.05 0 -6.00501
    endloop
  endfacet
  facet normal -0.705329 0 -0.70888
    outer loop
      vertex -53.05 -1.35 -6.00501
      vertex -52.05 -1.35 -7
      vertex -52.05 -7.4 -7
    endloop
  endfacet
  facet normal -0 1 0
    outer loop
      vertex -53.05 -1.35 -6.00501
      vertex -51.9 -1.35 -5.85001
      vertex -52.05 -1.35 -7
    endloop
  endfacet
  facet normal 0 1 0
    outer loop
      vertex -53.05 -1.35 -5.995
      vertex -53.05 -1.35 48.894
      vertex -51.9 -1.35 -5.85001
    endloop
  endfacet
  facet normal 1 -0 0
    outer loop
      vertex -53.05 -1.35 -5.995
      vertex -53.05 0 -6.00501
      vertex -53.05 0 -5.995
    endloop
  endfacet
  facet normal 0 1 0
    outer loop
      vertex -53.05 -1.35 48.894
      vertex -53.0192 -1.35 49.2851
      vertex -51.8799 -1.35 49.1046
    endloop
  endfacet
  facet normal 0 1 -0
    outer loop
      vertex -53.05 -1.35 48.894
      vertex -51.9 -1.35 48.8487
      vertex -51.9 -1.35 -5.85001
    endloop
  endfacet
  facet normal 0 1 -0
    outer loop
      vertex -53.05 -1.35 48.894
      vertex -51.8799 -1.35 49.1046
      vertex -51.9 -1.35 48.8487
    endloop
  endfacet
  facet normal -0 0 0
    outer loop
      vertex -53.05 0 -6.00501
      vertex -53.05 0 -6.005
      vertex -53.05 0 -5.995
    endloop
  endfacet
  facet normal -0.97235 0 0.233527
    outer loop
      vertex -53.0192 -8.4 49.2851
      vertex -52.9276 -8.4 49.6665
      vertex -52.9276 -1.35 49.6665
    endloop
  endfacet
  facet normal -0.97235 0 0.233527
    outer loop
      vertex -53.0192 -8.4 49.2851
      vertex -52.9276 -1.35 49.6665
      vertex -53.0192 -1.35 49.2851
    endloop
  endfacet
  facet normal 0 1 0
    outer loop
      vertex -53.0192 -1.35 49.2851
      vertex -52.9276 -1.35 49.6665
      vertex -51.8305 -1.35 49.3101
    endloop
  endfacet
  facet normal 0 1 -0
    outer loop
      vertex -53.0192 -1.35 49.2851
      vertex -51.8305 -1.35 49.3101
      vertex -51.8799 -1.35 49.1046
    endloop
  endfacet
  facet normal -0.923927 0 0.382569
    outer loop
      vertex -52.9276 -8.4 49.6665
      vertex -52.7775 -8.4 50.029
      vertex -52.7775 -1.35 50.029
    endloop
  endfacet
  facet normal -0.923927 0 0.382569
    outer loop
      vertex -52.9276 -8.4 49.6665
      vertex -52.7775 -1.35 50.029
      vertex -52.9276 -1.35 49.6665
    endloop
  endfacet
  facet normal 0 1 0
    outer loop
      vertex -52.9276 -1.35 49.6665
      vertex -52.7775 -1.35 50.029
      vertex -51.7497 -1.35 49.5053
    endloop
  endfacet
  facet normal 0 1 -0
    outer loop
      vertex -52.9276 -1.35 49.6665
      vertex -51.7497 -1.35 49.5053
      vertex -51.8305 -1.35 49.3101
    endloop
  endfacet
  facet normal -0.85255 0 0.522646
    outer loop
      vertex -52.7775 -8.4 50.029
      vertex -52.5725 -8.4 50.3634
      vertex -52.5725 -1.35 50.3634
    endloop
  endfacet
  facet normal -0.85255 0 0.522646
    outer loop
      vertex -52.7775 -8.4 50.029
      vertex -52.5725 -1.35 50.3634
      vertex -52.7775 -1.35 50.029
    endloop
  endfacet
  facet normal 0 1 0
    outer loop
      vertex -52.7775 -1.35 50.029
      vertex -52.5725 -1.35 50.3634
      vertex -51.6393 -1.35 49.6854
    endloop
  endfacet
  facet normal 0 1 -0
    outer loop
      vertex -52.7775 -1.35 50.029
      vertex -51.6393 -1.35 49.6854
      vertex -51.7497 -1.35 49.5053
    endloop
  endfacet
  facet normal -0.760371 0 0.649489
    outer loop
      vertex -52.5725 -8.4 50.3634
      vertex -52.3177 -8.4 50.6617
      vertex -52.3177 -1.35 50.6617
    endloop
  endfacet
  facet normal -0.760371 0 0.649489
    outer loop
      vertex -52.5725 -8.4 50.3634
      vertex -52.3177 -1.35 50.6617
      vertex -52.5725 -1.35 50.3634
    endloop
  endfacet
  facet normal 0 1 0
    outer loop
      vertex -52.5725 -1.35 50.3634
      vertex -52.3177 -1.35 50.6617
      vertex -51.5021 -1.35 49.8461
    endloop
  endfacet
  facet normal 0 1 -0
    outer loop
      vertex -52.5725 -1.35 50.3634
      vertex -51.5021 -1.35 49.8461
      vertex -51.6393 -1.35 49.6854
    endloop
  endfacet
  facet normal -0.649615 0 0.760263
    outer loop
      vertex -52.3177 -8.4 50.6617
      vertex -52.0195 -8.4 50.9165
      vertex -52.3177 -1.35 50.6617
    endloop
  endfacet
  facet normal -0.649615 0 0.760263
    outer loop
      vertex -52.3177 -1.35 50.6617
      vertex -52.0195 -8.4 50.9165
      vertex -52.0195 -1.35 50.9165
    endloop
  endfacet
  facet normal 0 1 0
    outer loop
      vertex -52.3177 -1.35 50.6617
      vertex -52.0195 -1.35 50.9165
      vertex -51.3414 -1.35 49.9833
    endloop
  endfacet
  facet normal 0 1 -0
    outer loop
      vertex -52.3177 -1.35 50.6617
      vertex -51.3414 -1.35 49.9833
      vertex -51.5021 -1.35 49.8461
    endloop
  endfacet
  facet normal 0 0 -1
    outer loop
      vertex -52.05 -7.4 -7
      vertex -52.05 -1.35 -7
      vertex -50.65 -5 -7
    endloop
  endfacet
  facet normal 0 0 -1
    outer loop
      vertex -52.05 -7.4 -7
      vertex -50.65 -5 -7
      vertex 52.05 -7.4 -7
    endloop
  endfacet
  facet normal 0 -0.705332 -0.708877
    outer loop
      vertex -52.05 -7.4 -7
      vertex 52.05 -7.4 -7
      vertex 53.05 -8.4 -6.005
    endloop
  endfacet
  facet normal 0 1 0
    outer loop
      vertex -52.05 -1.35 -7
      vertex -51.9 -1.35 -5.85001
      vertex -50.65 -1.35 -7
    endloop
  endfacet
  facet normal 0 0 -1
    outer loop
      vertex -52.05 -1.35 -7
      vertex -50.65 -1.35 -7
      vertex -50.65 -5 -7
    endloop
  endfacet
  facet normal -0.522532 0 0.85262
    outer loop
      vertex -52.0195 -8.4 50.9165
      vertex -51.685 -8.4 51.1215
      vertex -52.0195 -1.35 50.9165
    endloop
  endfacet
  facet normal -0.522532 0 0.85262
    outer loop
      vertex -52.0195 -1.35 50.9165
      vertex -51.685 -8.4 51.1215
      vertex -51.685 -1.35 51.1215
    endloop
  endfacet
  facet normal 0 1 0
    outer loop
      vertex -52.0195 -1.35 50.9165
      vertex -51.685 -1.35 51.1215
      vertex -51.1613 -1.35 50.0937
    endloop
  endfacet
  facet normal 0 1 -0
    outer loop
      vertex -52.0195 -1.35 50.9165
      vertex -51.1613 -1.35 50.0937
      vertex -51.3414 -1.35 49.9833
    endloop
  endfacet
  facet normal -1 -0 0
    outer loop
      vertex -51.9 -1.35 -5.85001
      vertex -51.9 -1.35 48.8487
      vertex -51.9 0 48.8487
    endloop
  endfacet
  facet normal -0 0 -1
    outer loop
      vertex -51.9 -1.35 -5.85001
      vertex -51.9 0 -5.85001
      vertex -50.65 0 -5.85001
    endloop
  endfacet
  facet normal -1 0 0
    outer loop
      vertex -51.9 -1.35 -5.85001
      vertex -51.9 0 48.8487
      vertex -51.9 0 -5.85001
    endloop
  endfacet
  facet normal 0 1 -0
    outer loop
      vertex -51.9 -1.35 -5.85001
      vertex -50.65 -1.35 -5.85001
      vertex -50.65 -1.35 -7
    endloop
  endfacet
  facet normal 0 0 -1
    outer loop
      vertex -51.9 -1.35 -5.85001
      vertex -50.65 0 -5.85001
      vertex -50.65 -1.35 -5.85001
    endloop
  endfacet
  facet normal -0.996929 0 0.0783051
    outer loop
      vertex -51.9 -1.35 48.8487
      vertex -51.8799 -1.35 49.1046
      vertex -51.8799 0 49.1046
    endloop
  endfacet
  facet normal -0.996929 0 0.0783051
    outer loop
      vertex -51.9 -1.35 48.8487
      vertex -51.8799 0 49.1046
      vertex -51.9 0 48.8487
    endloop
  endfacet
  facet normal 0 1 0
    outer loop
      vertex -51.9 0 -5.85001
      vertex -51.9 0 48.8487
      vertex -51.05 0 15.4352
    endloop
  endfacet
  facet normal 0 1 0
    outer loop
      vertex -51.9 0 -5.85001
      vertex -51.05 0 15.4352
      vertex -50.65 0 12.7
    endloop
  endfacet
  facet normal 0 1 0
    outer loop
      vertex -51.9 0 -5.85001
      vertex -50.65 0 12.7
      vertex -50.65 0 -5.85001
    endloop
  endfacet
  facet normal 0 1 0
    outer loop
      vertex -51.9 0 48.8487
      vertex -51.8799 0 49.1046
      vertex -51.05 0 50.1398
    endloop
  endfacet
  facet normal 0 1 -0
    outer loop
      vertex -51.9 0 48.8487
      vertex -51.05 0 50.1398
      vertex -51.05 0 15.4352
    endloop
  endfacet
  facet normal -0.972301 0 0.233731
    outer loop
      vertex -51.8799 -1.35 49.1046
      vertex -51.8305 -1.35 49.3101
      vertex -51.8305 0 49.3101
    endloop
  endfacet
  facet normal -0.972301 0 0.233731
    outer loop
      vertex -51.8799 -1.35 49.1046
      vertex -51.8305 0 49.3101
      vertex -51.8799 0 49.1046
    endloop
  endfacet
  facet normal 0 1 0
    outer loop
      vertex -51.8799 0 49.1046
      vertex -51.8305 0 49.3101
      vertex -51.05 0 50.1398
    endloop
  endfacet
  facet normal -0.923971 0 0.382463
    outer loop
      vertex -51.8305 -1.35 49.3101
      vertex -51.7497 -1.35 49.5053
      vertex -51.7497 0 49.5053
    endloop
  endfacet
  facet normal -0.923971 0 0.382463
    outer loop
      vertex -51.8305 -1.35 49.3101
      vertex -51.7497 0 49.5053
      vertex -51.8305 0 49.3101
    endloop
  endfacet
  facet normal 0 1 0
    outer loop
      vertex -51.8305 0 49.3101
      vertex -51.7497 0 49.5053
      vertex -51.05 0 50.1398
    endloop
  endfacet
  facet normal -0.852567 0 0.522618
    outer loop
      vertex -51.7497 -1.35 49.5053
      vertex -51.6393 -1.35 49.6854
      vertex -51.6393 0 49.6854
    endloop
  endfacet
  facet normal -0.852567 0 0.522618
    outer loop
      vertex -51.7497 -1.35 49.5053
      vertex -51.6393 0 49.6854
      vertex -51.7497 0 49.5053
    endloop
  endfacet
  facet normal 0 1 0
    outer loop
      vertex -51.7497 0 49.5053
      vertex -51.6393 0 49.6854
      vertex -51.05 0 50.1398
    endloop
  endfacet
  facet normal -0.382569 0 0.923927
    outer loop
      vertex -51.685 -8.4 51.1215
      vertex -51.3225 -8.4 51.2716
      vertex -51.685 -1.35 51.1215
    endloop
  endfacet
  facet normal -0.382569 0 0.923927
    outer loop
      vertex -51.685 -1.35 51.1215
      vertex -51.3225 -8.4 51.2716
      vertex -51.3225 -1.35 51.2716
    endloop
  endfacet
  facet normal 0 1 0
    outer loop
      vertex -51.685 -1.35 51.1215
      vertex -51.3225 -1.35 51.2716
      vertex -51.05 -1.35 50.1398
    endloop
  endfacet
  facet normal 0 1 0
    outer loop
      vertex -51.685 -1.35 51.1215
      vertex -51.05 -1.35 50.1398
      vertex -51.1613 -1.35 50.0937
    endloop
  endfacet
  facet normal -0.760525 0 0.649309
    outer loop
      vertex -51.6393 -1.35 49.6854
      vertex -51.5021 -1.35 49.8461
      vertex -51.5021 0 49.8461
    endloop
  endfacet
  facet normal -0.760525 0 0.649309
    outer loop
      vertex -51.6393 -1.35 49.6854
      vertex -51.5021 0 49.8461
      vertex -51.6393 0 49.6854
    endloop
  endfacet
  facet normal 0 1 0
    outer loop
      vertex -51.6393 0 49.6854
      vertex -51.5021 0 49.8461
      vertex -51.05 0 50.1398
    endloop
  endfacet
  facet normal -0.649309 0 0.760525
    outer loop
      vertex -51.5021 -1.35 49.8461
      vertex -51.3414 -1.35 49.9833
      vertex -51.5021 0 49.8461
    endloop
  endfacet
  facet normal -0.649309 0 0.760525
    outer loop
      vertex -51.5021 0 49.8461
      vertex -51.3414 -1.35 49.9833
      vertex -51.3414 0 49.9833
    endloop
  endfacet
  facet normal 0 1 0
    outer loop
      vertex -51.5021 0 49.8461
      vertex -51.3414 0 49.9833
      vertex -51.05 0 50.1398
    endloop
  endfacet
  facet normal -0.522618 0 0.852567
    outer loop
      vertex -51.3414 -1.35 49.9833
      vertex -51.1613 -1.35 50.0937
      vertex -51.3414 0 49.9833
    endloop
  endfacet
  facet normal -0.522618 0 0.852567
    outer loop
      vertex -51.3414 0 49.9833
      vertex -51.1613 -1.35 50.0937
      vertex -51.1613 0 50.0937
    endloop
  endfacet
  facet normal 0 1 0
    outer loop
      vertex -51.3414 0 49.9833
      vertex -51.1613 0 50.0937
      vertex -51.05 0 50.1398
    endloop
  endfacet
  facet normal -0.23371 0 0.972306
    outer loop
      vertex -51.3225 -8.4 51.2716
      vertex -51.05 -6.4 51.3371
      vertex -51.3225 -1.35 51.2716
    endloop
  endfacet
  facet normal -0.233527 -2.63865e-05 0.97235
    outer loop
      vertex -51.3225 -8.4 51.2716
      vertex -50.9411 -8.4 51.3632
      vertex -51.05 -6.4 51.3371
    endloop
  endfacet
  facet normal -0.23371 0 0.972306
    outer loop
      vertex -51.3225 -1.35 51.2716
      vertex -51.05 -6.4 51.3371
      vertex -51.05 -1.35 51.3371
    endloop
  endfacet
  facet normal 0 1 -0
    outer loop
      vertex -51.3225 -1.35 51.2716
      vertex -51.05 -1.35 51.3371
      vertex -51.05 -1.35 50.1398
    endloop
  endfacet
  facet normal -0.382669 0 0.923885
    outer loop
      vertex -51.1613 -1.35 50.0937
      vertex -51.05 -1.35 50.1398
      vertex -51.1613 0 50.0937
    endloop
  endfacet
  facet normal -0.382669 0 0.923885
    outer loop
      vertex -51.1613 0 50.0937
      vertex -51.05 -1.35 50.1398
      vertex -51.05 0 50.1398
    endloop
  endfacet
  facet normal 0 1 0
    outer loop
      vertex -51.05 -6.4 15.4352
      vertex -51.05 -6.4 51.3371
      vertex -36.7812 -6.4 23.7118
    endloop
  endfacet
  facet normal 1 0 0
    outer loop
      vertex -51.05 -6.4 15.4352
      vertex -51.05 -1.35 50.1398
      vertex -51.05 -6.4 51.3371
    endloop
  endfacet
  facet normal 1 0 0
    outer loop
      vertex -51.05 -6.4 15.4352
      vertex -51.05 0 15.4352
      vertex -51.05 -1.35 50.1398
    endloop
  endfacet
  facet normal 0.92381 0 0.382852
    outer loop
      vertex -51.05 -6.4 15.4352
      vertex -50.9035 -6.4 15.0817
      vertex -50.9035 0 15.0817
    endloop
  endfacet
  facet normal 0.92381 -0 0.382852
    outer loop
      vertex -51.05 -6.4 15.4352
      vertex -50.9035 0 15.0817
      vertex -51.05 0 15.4352
    endloop
  endfacet
  facet normal 0 1 0
    outer loop
      vertex -51.05 -6.4 15.4352
      vertex -50.55 -6.4 14.9352
      vertex -50.9035 -6.4 15.0817
    endloop
  endfacet
  facet normal 0 1 0
    outer loop
      vertex -51.05 -6.4 15.4352
      vertex -37.2178 -6.4 22.225
      vertex -37.1898 -6.4 21.8336
    endloop
  endfacet
  facet normal 0 1 0
    outer loop
      vertex -51.05 -6.4 15.4352
      vertex -37.1898 -6.4 21.8336
      vertex -50.55 -6.4 14.9352
    endloop
  endfacet
  facet normal 0 1 0
    outer loop
      vertex -51.05 -6.4 15.4352
      vertex -37.1898 -6.4 22.6164
      vertex -37.2178 -6.4 22.225
    endloop
  endfacet
  facet normal 0 1 0
    outer loop
      vertex -51.05 -6.4 15.4352
      vertex -37.1064 -6.4 22.9998
      vertex -37.1898 -6.4 22.6164
    endloop
  endfacet
  facet normal 0 1 0
    outer loop
      vertex -51.05 -6.4 15.4352
      vertex -36.9693 -6.4 23.3674
      vertex -37.1064 -6.4 22.9998
    endloop
  endfacet
  facet normal 0 1 0
    outer loop
      vertex -51.05 -6.4 15.4352
      vertex -36.7812 -6.4 23.7118
      vertex -36.9693 -6.4 23.3674
    endloop
  endfacet
  facet normal 1 0 0
    outer loop
      vertex -51.05 -6.4 51.3371
      vertex -51.05 -1.35 50.1398
      vertex -51.05 -1.35 51.3371
    endloop
  endfacet
  facet normal -0.233069 0 0.97246
    outer loop
      vertex -51.05 -6.4 51.3371
      vertex -50.9411 -8.4 51.3632
      vertex -50.9411 -6.4 51.3632
    endloop
  endfacet
  facet normal 0 1 0
    outer loop
      vertex -51.05 -6.4 51.3371
      vertex -50.9411 -6.4 51.3632
      vertex -50.55 -6.4 51.394
    endloop
  endfacet
  facet normal 0 1 0
    outer loop
      vertex -51.05 -6.4 51.3371
      vertex -50.55 -6.4 51.394
      vertex -36.5461 -6.4 24.0259
    endloop
  endfacet
  facet normal 0 1 -0
    outer loop
      vertex -51.05 -6.4 51.3371
      vertex -36.5461 -6.4 24.0259
      vertex -36.7812 -6.4 23.7118
    endloop
  endfacet
  facet normal 1 -0 0
    outer loop
      vertex -51.05 -1.35 50.1398
      vertex -51.05 0 15.4352
      vertex -51.05 0 50.1398
    endloop
  endfacet
  facet normal 0 1 0
    outer loop
      vertex -51.05 0 15.4352
      vertex -50.9035 0 15.0817
      vertex -50.65 0 12.7
    endloop
  endfacet
  facet normal -0.0785092 0 0.996913
    outer loop
      vertex -50.9411 -8.4 51.3632
      vertex -50.55 -8.4 51.394
      vertex -50.9411 -6.4 51.3632
    endloop
  endfacet
  facet normal -0.0785092 0 0.996913
    outer loop
      vertex -50.9411 -6.4 51.3632
      vertex -50.55 -8.4 51.394
      vertex -50.55 -6.4 51.394
    endloop
  endfacet
  facet normal 0.382852 0 0.92381
    outer loop
      vertex -50.9035 -6.4 15.0817
      vertex -50.55 -6.4 14.9352
      vertex -50.9035 0 15.0817
    endloop
  endfacet
  facet normal 0.382852 0 0.92381
    outer loop
      vertex -50.9035 0 15.0817
      vertex -50.55 -6.4 14.9352
      vertex -50.55 0 14.9352
    endloop
  endfacet
  facet normal 0 1 0
    outer loop
      vertex -50.9035 0 15.0817
      vertex -50.55 0 14.9352
      vertex -50.65 0 12.7
    endloop
  endfacet
  facet normal 0 1 0
    outer loop
      vertex -50.65 -5 -7
      vertex -50.65 -5 12.7
      vertex 50.65 -5 -7
    endloop
  endfacet
  facet normal 1 0 0
    outer loop
      vertex -50.65 -5 -7
      vertex -50.65 -1.35 -7
      vertex -50.65 -1.35 -5.85001
    endloop
  endfacet
  facet normal 1 0 0
    outer loop
      vertex -50.65 -5 -7
      vertex -50.65 -1.35 -5.85001
      vertex -50.65 -5 12.7
    endloop
  endfacet
  facet normal 0 0 -1
    outer loop
      vertex -50.65 -5 -7
      vertex 50.65 -5 -7
      vertex 52.05 -7.4 -7
    endloop
  endfacet
  facet normal 1 -0 0
    outer loop
      vertex -50.65 -5 12.7
      vertex -50.65 -1.35 -5.85001
      vertex -50.65 0 12.7
    endloop
  endfacet
  facet normal 0 0 -1
    outer loop
      vertex -50.65 -5 12.7
      vertex -50.65 0 12.7
      vertex -47.0622 -0.849999 12.7
    endloop
  endfacet
  facet normal -0 0 -1
    outer loop
      vertex -50.65 -5 12.7
      vertex -47.0622 -0.849999 12.7
      vertex 46.9098 -0.849999 12.7
    endloop
  endfacet
  facet normal 0 0 -1
    outer loop
      vertex -50.65 -5 12.7
      vertex 46.9098 -0.849999 12.7
      vertex 50.65 -5 12.7
    endloop
  endfacet
  facet normal 0 1 -0
    outer loop
      vertex -50.65 -5 12.7
      vertex 50.65 -5 12.7
      vertex 50.65 -5 -7
    endloop
  endfacet
  facet normal 1 0 0
    outer loop
      vertex -50.65 -1.35 -5.85001
      vertex -50.65 0 -5.85001
      vertex -50.65 0 12.7
    endloop
  endfacet
  facet normal 0 1 0
    outer loop
      vertex -50.65 0 12.7
      vertex -50.55 0 14.9352
      vertex -49.8602 0 14.6852
    endloop
  endfacet
  facet normal 0 1 0
    outer loop
      vertex -50.65 0 12.7
      vertex -49.8602 0 14.6852
      vertex -47.0622 0 12.7
    endloop
  endfacet
  facet normal 0 0 -1
    outer loop
      vertex -50.65 0 12.7
      vertex -47.0622 0 12.7
      vertex -47.0622 -0.849999 12.7
    endloop
  endfacet
  facet normal 0 0 1
    outer loop
      vertex -50.55 -8.4 51.394
      vertex 50.55 -8.4 51.394
      vertex -50.55 -6.4 51.394
    endloop
  endfacet
  facet normal 0 0 1
    outer loop
      vertex -50.55 -6.4 14.9352
      vertex -50.1102 -0.849999 14.9352
      vertex -50.55 0 14.9352
    endloop
  endfacet
  facet normal 0 1 0
    outer loop
      vertex -50.55 -6.4 14.9352
      vertex -37.1898 -6.4 21.8336
      vertex -37.1064 -6.4 21.4502
    endloop
  endfacet
  facet normal 0 1 0
    outer loop
      vertex -50.55 -6.4 14.9352
      vertex -37.1064 -6.4 21.4502
      vertex -36.9693 -6.4 21.0826
    endloop
  endfacet
  facet normal 0 1 0
    outer loop
      vertex -50.55 -6.4 14.9352
      vertex -36.9693 -6.4 21.0826
      vertex -36.7812 -6.4 20.7382
    endloop
  endfacet
  facet normal 0 1 0
    outer loop
      vertex -50.55 -6.4 14.9352
      vertex -36.7812 -6.4 20.7382
      vertex -36.5461 -6.4 20.4241
    endloop
  endfacet
  facet normal 0 1 0
    outer loop
      vertex -50.55 -6.4 14.9352
      vertex -36.5461 -6.4 20.4241
      vertex -36.2687 -6.4 20.1467
    endloop
  endfacet
  facet normal 0 1 0
    outer loop
      vertex -50.55 -6.4 14.9352
      vertex -36.2687 -6.4 20.1467
      vertex -35.9546 -6.4 19.9116
    endloop
  endfacet
  facet normal 0 1 0
    outer loop
      vertex -50.55 -6.4 14.9352
      vertex -35.9546 -6.4 19.9116
      vertex -35.6102 -6.4 19.7235
    endloop
  endfacet
  facet normal 0 1 0
    outer loop
      vertex -50.55 -6.4 14.9352
      vertex -35.6102 -6.4 19.7235
      vertex -35.2426 -6.4 19.5864
    endloop
  endfacet
  facet normal 0 1 0
    outer loop
      vertex -50.55 -6.4 14.9352
      vertex -35.2426 -6.4 19.5864
      vertex -34.8592 -6.4 19.503
    endloop
  endfacet
  facet normal 0 1 0
    outer loop
      vertex -50.55 -6.4 14.9352
      vertex -34.8592 -6.4 19.503
      vertex -34.4678 -6.4 19.475
    endloop
  endfacet
  facet normal 0 1 0
    outer loop
      vertex -50.55 -6.4 14.9352
      vertex -34.4678 -6.4 19.475
      vertex -34.0764 -6.4 19.503
    endloop
  endfacet
  facet normal 0 1 0
    outer loop
      vertex -50.55 -6.4 14.9352
      vertex -34.0764 -6.4 19.503
      vertex 50.55 -6.4 14.9352
    endloop
  endfacet
  facet normal 0 0 1
    outer loop
      vertex -50.55 -6.4 14.9352
      vertex 50.55 -6.4 14.9352
      vertex -50.1102 -0.849999 14.9352
    endloop
  endfacet
  facet normal 0 1 -0
    outer loop
      vertex -50.55 -6.4 51.394
      vertex -36.2687 -6.4 24.3033
      vertex -36.5461 -6.4 24.0259
    endloop
  endfacet
  facet normal 0 1 -0
    outer loop
      vertex -50.55 -6.4 51.394
      vertex -35.9546 -6.4 24.5384
      vertex -36.2687 -6.4 24.3033
    endloop
  endfacet
  facet normal 0 1 -0
    outer loop
      vertex -50.55 -6.4 51.394
      vertex -35.6102 -6.4 24.7265
      vertex -35.9546 -6.4 24.5384
    endloop
  endfacet
  facet normal 0 1 -0
    outer loop
      vertex -50.55 -6.4 51.394
      vertex -35.2426 -6.4 24.8636
      vertex -35.6102 -6.4 24.7265
    endloop
  endfacet
  facet normal 0 1 -0
    outer loop
      vertex -50.55 -6.4 51.394
      vertex -34.8592 -6.4 24.947
      vertex -35.2426 -6.4 24.8636
    endloop
  endfacet
  facet normal 0 1 -0
    outer loop
      vertex -50.55 -6.4 51.394
      vertex -34.4678 -6.4 24.975
      vertex -34.8592 -6.4 24.947
    endloop
  endfacet
  facet normal -0 0 1
    outer loop
      vertex -50.55 -6.4 51.394
      vertex 50.55 -8.4 51.394
      vertex 50.55 -6.4 51.394
    endloop
  endfacet
  facet normal 0 1 0
    outer loop
      vertex -50.55 -6.4 51.394
      vertex 50.55 -6.4 51.394
      vertex -34.4678 -6.4 24.975
    endloop
  endfacet
  facet normal 0 0 1
    outer loop
      vertex -50.55 0 14.9352
      vertex -50.1102 -0.849999 14.9352
      vertex -50.1102 0 14.9352
    endloop
  endfacet
  facet normal 0 1 0
    outer loop
      vertex -50.55 0 14.9352
      vertex -50.1102 0 14.9352
      vertex -49.8602 0 14.6852
    endloop
  endfacet
  facet normal 0.707107 0 0.707107
    outer loop
      vertex -50.1102 -0.849999 14.9352
      vertex -49.8602 -0.849999 14.6852
      vertex -49.8602 0 14.6852
    endloop
  endfacet
  facet normal 0.707107 -0 0.707107
    outer loop
      vertex -50.1102 -0.849999 14.9352
      vertex -49.8602 0 14.6852
      vertex -50.1102 0 14.9352
    endloop
  endfacet
  facet normal 0 1 -0
    outer loop
      vertex -50.1102 -0.849999 14.9352
      vertex -47.0622 -0.849999 14.6852
      vertex -49.8602 -0.849999 14.6852
    endloop
  endfacet
  facet normal 0 1 -0
    outer loop
      vertex -50.1102 -0.849999 14.9352
      vertex 46.9098 -0.849999 14.6852
      vertex -47.0622 -0.849999 14.6852
    endloop
  endfacet
  facet normal 0 1 0
    outer loop
      vertex -50.1102 -0.849999 14.9352
      vertex 50.1102 -0.849999 14.9352
      vertex 46.9098 -0.849999 14.6852
    endloop
  endfacet
  facet normal -0 0 1
    outer loop
      vertex -50.1102 -0.849999 14.9352
      vertex 50.55 -6.4 14.9352
      vertex 50.1102 -0.849999 14.9352
    endloop
  endfacet
  facet normal 0 0 1
    outer loop
      vertex -49.8602 -0.849999 14.6852
      vertex -47.0622 -0.849999 14.6852
      vertex -49.8602 0 14.6852
    endloop
  endfacet
  facet normal -0 0 1
    outer loop
      vertex -49.8602 0 14.6852
      vertex -47.0622 -0.849999 14.6852
      vertex -47.0622 0 14.6852
    endloop
  endfacet
  facet normal 0 1 0
    outer loop
      vertex -49.8602 0 14.6852
      vertex -47.0622 0 14.6852
      vertex -47.0622 0 12.7
    endloop
  endfacet
  facet normal 0 1 0
    outer loop
      vertex -47.0622 -0.849999 12.7
      vertex -47.0622 -0.849999 14.6852
      vertex 46.9098 -0.849999 12.7
    endloop
  endfacet
  facet normal 1 0 0
    outer loop
      vertex -47.0622 -0.849999 12.7
      vertex -47.0622 0 12.7
      vertex -47.0622 -0.849999 14.6852
    endloop
  endfacet
  facet normal 1 -0 0
    outer loop
      vertex -47.0622 -0.849999 14.6852
      vertex -47.0622 0 12.7
      vertex -47.0622 0 14.6852
    endloop
  endfacet
  facet normal 0 1 -0
    outer loop
      vertex -47.0622 -0.849999 14.6852
      vertex 46.9098 -0.849999 14.6852
      vertex 46.9098 -0.849999 12.7
    endloop
  endfacet
  facet normal -0.997451 -0 -0.0713557
    outer loop
      vertex -37.2178 -6.4 22.225
      vertex -37.2178 -0.849999 22.225
      vertex -37.1898 -6.4 21.8336
    endloop
  endfacet
  facet normal -0.997451 0 0.0713557
    outer loop
      vertex -37.2178 -6.4 22.225
      vertex -37.1898 -6.4 22.6164
      vertex -37.1898 -0.849999 22.6164
    endloop
  endfacet
  facet normal -0.997451 0 0.0713557
    outer loop
      vertex -37.2178 -6.4 22.225
      vertex -37.1898 -0.849999 22.6164
      vertex -37.2178 -0.849999 22.225
    endloop
  endfacet
  facet normal -0.997451 0 -0.0713557
    outer loop
      vertex -37.2178 -0.849999 22.225
      vertex -37.1898 -0.849999 21.8336
      vertex -37.1898 -6.4 21.8336
    endloop
  endfacet
  facet normal 0 1 0
    outer loop
      vertex -37.2178 -0.849999 22.225
      vertex -37.1898 -0.849999 22.6164
      vertex -35.2688 -0.849999 22.4224
    endloop
  endfacet
  facet normal 0 1 0
    outer loop
      vertex -37.2178 -0.849999 22.225
      vertex -35.2688 -0.849999 22.0276
      vertex -37.1898 -0.849999 21.8336
    endloop
  endfacet
  facet normal 0 1 -0
    outer loop
      vertex -37.2178 -0.849999 22.225
      vertex -35.2688 -0.849999 22.4224
      vertex -35.2688 -0.849999 22.0276
    endloop
  endfacet
  facet normal -0.977149 -0 -0.212557
    outer loop
      vertex -37.1898 -6.4 21.8336
      vertex -37.1898 -0.849999 21.8336
      vertex -37.1064 -6.4 21.4502
    endloop
  endfacet
  facet normal -0.977149 0 0.212557
    outer loop
      vertex -37.1898 -6.4 22.6164
      vertex -37.1064 -6.4 22.9998
      vertex -37.1064 -0.849999 22.9998
    endloop
  endfacet
  facet normal -0.977149 0 0.212557
    outer loop
      vertex -37.1898 -6.4 22.6164
      vertex -37.1064 -0.849999 22.9998
      vertex -37.1898 -0.849999 22.6164
    endloop
  endfacet
  facet normal -0.977149 0 -0.212557
    outer loop
      vertex -37.1898 -0.849999 21.8336
      vertex -37.1064 -0.849999 21.4502
      vertex -37.1064 -6.4 21.4502
    endloop
  endfacet
  facet normal 0 1 0
    outer loop
      vertex -37.1898 -0.849999 21.8336
      vertex -35.2688 -0.849999 22.0276
      vertex -37.1064 -0.849999 21.4502
    endloop
  endfacet
  facet normal 0 1 0
    outer loop
      vertex -37.1898 -0.849999 22.6164
      vertex -37.1064 -0.849999 22.9998
      vertex -35.2688 -0.849999 22.4224
    endloop
  endfacet
  facet normal -0.936956 -0 -0.349447
    outer loop
      vertex -37.1064 -6.4 21.4502
      vertex -37.1064 -0.849999 21.4502
      vertex -36.9693 -6.4 21.0826
    endloop
  endfacet
  facet normal -0.936956 0 0.349447
    outer loop
      vertex -37.1064 -6.4 22.9998
      vertex -36.9693 -6.4 23.3674
      vertex -36.9693 -0.849999 23.3674
    endloop
  endfacet
  facet normal -0.936956 0 0.349447
    outer loop
      vertex -37.1064 -6.4 22.9998
      vertex -36.9693 -0.849999 23.3674
      vertex -37.1064 -0.849999 22.9998
    endloop
  endfacet
  facet normal -0.936956 0 -0.349447
    outer loop
      vertex -37.1064 -0.849999 21.4502
      vertex -36.9693 -0.849999 21.0826
      vertex -36.9693 -6.4 21.0826
    endloop
  endfacet
  facet normal 0 1 0
    outer loop
      vertex -37.1064 -0.849999 21.4502
      vertex -35.2688 -0.849999 22.0276
      vertex -36.9693 -0.849999 21.0826
    endloop
  endfacet
  facet normal 0 1 0
    outer loop
      vertex -37.1064 -0.849999 22.9998
      vertex -36.9693 -0.849999 23.3674
      vertex -35.2688 -0.849999 22.4224
    endloop
  endfacet
  facet normal -0.877632 -0 -0.479334
    outer loop
      vertex -36.9693 -6.4 21.0826
      vertex -36.9693 -0.849999 21.0826
      vertex -36.7812 -6.4 20.7382
    endloop
  endfacet
  facet normal -0.877632 0 0.479334
    outer loop
      vertex -36.9693 -6.4 23.3674
      vertex -36.7812 -6.4 23.7118
      vertex -36.7812 -0.849999 23.7118
    endloop
  endfacet
  facet normal -0.877632 0 0.479334
    outer loop
      vertex -36.9693 -6.4 23.3674
      vertex -36.7812 -0.849999 23.7118
      vertex -36.9693 -0.849999 23.3674
    endloop
  endfacet
  facet normal -0.877632 0 -0.479334
    outer loop
      vertex -36.9693 -0.849999 21.0826
      vertex -36.7812 -0.849999 20.7382
      vertex -36.7812 -6.4 20.7382
    endloop
  endfacet
  facet normal 0 1 0
    outer loop
      vertex -36.9693 -0.849999 21.0826
      vertex -35.2688 -0.849999 22.0276
      vertex -35.0853 -0.849999 21.6779
    endloop
  endfacet
  facet normal 0 1 0
    outer loop
      vertex -36.9693 -0.849999 21.0826
      vertex -35.0853 -0.849999 21.6779
      vertex -36.7812 -0.849999 20.7382
    endloop
  endfacet
  facet normal 0 1 0
    outer loop
      vertex -36.9693 -0.849999 23.3674
      vertex -36.7812 -0.849999 23.7118
      vertex -35.0853 -0.849999 22.7721
    endloop
  endfacet
  facet normal 0 1 -0
    outer loop
      vertex -36.9693 -0.849999 23.3674
      vertex -35.0853 -0.849999 22.7721
      vertex -35.2688 -0.849999 22.4224
    endloop
  endfacet
  facet normal -0.800581 -0 -0.599225
    outer loop
      vertex -36.7812 -6.4 20.7382
      vertex -36.7812 -0.849999 20.7382
      vertex -36.5461 -6.4 20.4241
    endloop
  endfacet
  facet normal -0.800581 0 0.599225
    outer loop
      vertex -36.7812 -6.4 23.7118
      vertex -36.5461 -6.4 24.0259
      vertex -36.5461 -0.849999 24.0259
    endloop
  endfacet
  facet normal -0.800581 0 0.599225
    outer loop
      vertex -36.7812 -6.4 23.7118
      vertex -36.5461 -0.849999 24.0259
      vertex -36.7812 -0.849999 23.7118
    endloop
  endfacet
  facet normal -0.800581 0 -0.599225
    outer loop
      vertex -36.7812 -0.849999 20.7382
      vertex -36.5461 -0.849999 20.4241
      vertex -36.5461 -6.4 20.4241
    endloop
  endfacet
  facet normal 0 1 0
    outer loop
      vertex -36.7812 -0.849999 20.7382
      vertex -35.0853 -0.849999 21.6779
      vertex -36.5461 -0.849999 20.4241
    endloop
  endfacet
  facet normal 0 1 0
    outer loop
      vertex -36.7812 -0.849999 23.7118
      vertex -36.5461 -0.849999 24.0259
      vertex -35.0853 -0.849999 22.7721
    endloop
  endfacet
  facet normal -0.707107 0 -0.707107
    outer loop
      vertex -36.5461 -6.4 20.4241
      vertex -36.5461 -0.849999 20.4241
      vertex -36.2687 -0.849999 20.1467
    endloop
  endfacet
  facet normal -0.707107 0 -0.707107
    outer loop
      vertex -36.5461 -6.4 20.4241
      vertex -36.2687 -0.849999 20.1467
      vertex -36.2687 -6.4 20.1467
    endloop
  endfacet
  facet normal -0.707107 0 0.707107
    outer loop
      vertex -36.5461 -6.4 24.0259
      vertex -36.2687 -6.4 24.3033
      vertex -36.5461 -0.849999 24.0259
    endloop
  endfacet
  facet normal 0 1 0
    outer loop
      vertex -36.5461 -0.849999 20.4241
      vertex -35.0853 -0.849999 21.6779
      vertex -36.2687 -0.849999 20.1467
    endloop
  endfacet
  facet normal -0.707107 0 0.707107
    outer loop
      vertex -36.5461 -0.849999 24.0259
      vertex -36.2687 -6.4 24.3033
      vertex -36.2687 -0.849999 24.3033
    endloop
  endfacet
  facet normal 0 1 0
    outer loop
      vertex -36.5461 -0.849999 24.0259
      vertex -36.2687 -0.849999 24.3033
      vertex -35.0853 -0.849999 22.7721
    endloop
  endfacet
  facet normal -0.599225 0 -0.800581
    outer loop
      vertex -36.2687 -6.4 20.1467
      vertex -36.2687 -0.849999 20.1467
      vertex -35.9546 -0.849999 19.9116
    endloop
  endfacet
  facet normal -0.599225 0 -0.800581
    outer loop
      vertex -36.2687 -6.4 20.1467
      vertex -35.9546 -0.849999 19.9116
      vertex -35.9546 -6.4 19.9116
    endloop
  endfacet
  facet normal -0.599225 0 0.800581
    outer loop
      vertex -36.2687 -6.4 24.3033
      vertex -35.9546 -6.4 24.5384
      vertex -36.2687 -0.849999 24.3033
    endloop
  endfacet
  facet normal 0 1 0
    outer loop
      vertex -36.2687 -0.849999 20.1467
      vertex -35.0853 -0.849999 21.6779
      vertex -35.9546 -0.849999 19.9116
    endloop
  endfacet
  facet normal -0.599225 0 0.800581
    outer loop
      vertex -36.2687 -0.849999 24.3033
      vertex -35.9546 -6.4 24.5384
      vertex -35.9546 -0.849999 24.5384
    endloop
  endfacet
  facet normal 0 1 0
    outer loop
      vertex -36.2687 -0.849999 24.3033
      vertex -35.9546 -0.849999 24.5384
      vertex -35.0853 -0.849999 22.7721
    endloop
  endfacet
  facet normal -0.479334 0 -0.877632
    outer loop
      vertex -35.9546 -6.4 19.9116
      vertex -35.9546 -0.849999 19.9116
      vertex -35.6102 -0.849999 19.7235
    endloop
  endfacet
  facet normal -0.479334 0 -0.877632
    outer loop
      vertex -35.9546 -6.4 19.9116
      vertex -35.6102 -0.849999 19.7235
      vertex -35.6102 -6.4 19.7235
    endloop
  endfacet
  facet normal -0.479334 0 0.877632
    outer loop
      vertex -35.9546 -6.4 24.5384
      vertex -35.6102 -6.4 24.7265
      vertex -35.9546 -0.849999 24.5384
    endloop
  endfacet
  facet normal 0 1 0
    outer loop
      vertex -35.9546 -0.849999 19.9116
      vertex -35.0853 -0.849999 21.6779
      vertex -34.7603 -0.849999 21.4536
    endloop
  endfacet
  facet normal 0 1 0
    outer loop
      vertex -35.9546 -0.849999 19.9116
      vertex -34.7603 -0.849999 21.4536
      vertex -35.6102 -0.849999 19.7235
    endloop
  endfacet
  facet normal -0.479334 0 0.877632
    outer loop
      vertex -35.9546 -0.849999 24.5384
      vertex -35.6102 -6.4 24.7265
      vertex -35.6102 -0.849999 24.7265
    endloop
  endfacet
  facet normal 0 1 0
    outer loop
      vertex -35.9546 -0.849999 24.5384
      vertex -35.6102 -0.849999 24.7265
      vertex -34.7603 -0.849999 22.9964
    endloop
  endfacet
  facet normal 0 1 -0
    outer loop
      vertex -35.9546 -0.849999 24.5384
      vertex -34.7603 -0.849999 22.9964
      vertex -35.0853 -0.849999 22.7721
    endloop
  endfacet
  facet normal -0.349447 0 -0.936956
    outer loop
      vertex -35.6102 -6.4 19.7235
      vertex -35.6102 -0.849999 19.7235
      vertex -35.2426 -0.849999 19.5864
    endloop
  endfacet
  facet normal -0.349447 0 -0.936956
    outer loop
      vertex -35.6102 -6.4 19.7235
      vertex -35.2426 -0.849999 19.5864
      vertex -35.2426 -6.4 19.5864
    endloop
  endfacet
  facet normal -0.349447 0 0.936956
    outer loop
      vertex -35.6102 -6.4 24.7265
      vertex -35.2426 -6.4 24.8636
      vertex -35.6102 -0.849999 24.7265
    endloop
  endfacet
  facet normal 0 1 0
    outer loop
      vertex -35.6102 -0.849999 19.7235
      vertex -34.7603 -0.849999 21.4536
      vertex -35.2426 -0.849999 19.5864
    endloop
  endfacet
  facet normal -0.349447 0 0.936956
    outer loop
      vertex -35.6102 -0.849999 24.7265
      vertex -35.2426 -6.4 24.8636
      vertex -35.2426 -0.849999 24.8636
    endloop
  endfacet
  facet normal 0 1 0
    outer loop
      vertex -35.6102 -0.849999 24.7265
      vertex -35.2426 -0.849999 24.8636
      vertex -34.7603 -0.849999 22.9964
    endloop
  endfacet
  facet normal 0 1 0
    outer loop
      vertex -35.2688 -7.6 22.0276
      vertex -35.2688 -7.6 22.4224
      vertex -33.6428 -7.6 22.225
    endloop
  endfacet
  facet normal 1 0 0
    outer loop
      vertex -35.2688 -7.6 22.0276
      vertex -35.2688 -0.849999 22.0276
      vertex -35.2688 -7.6 22.4224
    endloop
  endfacet
  facet normal 0.885494 0 0.46465
    outer loop
      vertex -35.2688 -7.6 22.0276
      vertex -35.0853 -7.6 21.6779
      vertex -35.0853 -0.849999 21.6779
    endloop
  endfacet
  facet normal 0.885494 -0 0.46465
    outer loop
      vertex -35.2688 -7.6 22.0276
      vertex -35.0853 -0.849999 21.6779
      vertex -35.2688 -0.849999 22.0276
    endloop
  endfacet
  facet normal 0 1 0
    outer loop
      vertex -35.2688 -7.6 22.0276
      vertex -33.7373 -7.6 21.8416
      vertex -35.0853 -7.6 21.6779
    endloop
  endfacet
  facet normal 0 1 -0
    outer loop
      vertex -35.2688 -7.6 22.0276
      vertex -33.6428 -7.6 22.225
      vertex -33.7373 -7.6 21.8416
    endloop
  endfacet
  facet normal 1 -0 0
    outer loop
      vertex -35.2688 -7.6 22.4224
      vertex -35.2688 -0.849999 22.0276
      vertex -35.2688 -0.849999 22.4224
    endloop
  endfacet
  facet normal 0.885494 0 -0.46465
    outer loop
      vertex -35.2688 -7.6 22.4224
      vertex -35.2688 -0.849999 22.4224
      vertex -35.0853 -7.6 22.7721
    endloop
  endfacet
  facet normal 0 1 0
    outer loop
      vertex -35.2688 -7.6 22.4224
      vertex -35.0853 -7.6 22.7721
      vertex -33.7373 -7.6 22.6084
    endloop
  endfacet
  facet normal 0 1 0
    outer loop
      vertex -35.2688 -7.6 22.4224
      vertex -33.7373 -7.6 22.6084
      vertex -33.6428 -7.6 22.225
    endloop
  endfacet
  facet normal 0.885494 0 -0.46465
    outer loop
      vertex -35.2688 -0.849999 22.4224
      vertex -35.0853 -0.849999 22.7721
      vertex -35.0853 -7.6 22.7721
    endloop
  endfacet
  facet normal -0.212557 0 -0.977149
    outer loop
      vertex -35.2426 -6.4 19.5864
      vertex -35.2426 -0.849999 19.5864
      vertex -34.8592 -0.849999 19.503
    endloop
  endfacet
  facet normal -0.212557 0 -0.977149
    outer loop
      vertex -35.2426 -6.4 19.5864
      vertex -34.8592 -0.849999 19.503
      vertex -34.8592 -6.4 19.503
    endloop
  endfacet
  facet normal -0.212557 0 0.977149
    outer loop
      vertex -35.2426 -6.4 24.8636
      vertex -34.8592 -6.4 24.947
      vertex -35.2426 -0.849999 24.8636
    endloop
  endfacet
  facet normal 0 1 0
    outer loop
      vertex -35.2426 -0.849999 19.5864
      vertex -34.7603 -0.849999 21.4536
      vertex -34.8592 -0.849999 19.503
    endloop
  endfacet
  facet normal -0.212557 0 0.977149
    outer loop
      vertex -35.2426 -0.849999 24.8636
      vertex -34.8592 -6.4 24.947
      vertex -34.8592 -0.849999 24.947
    endloop
  endfacet
  facet normal 0 1 0
    outer loop
      vertex -35.2426 -0.849999 24.8636
      vertex -34.8592 -0.849999 24.947
      vertex -34.7603 -0.849999 22.9964
    endloop
  endfacet
  facet normal 0.568011 0 0.823021
    outer loop
      vertex -35.0853 -7.6 21.6779
      vertex -34.7603 -7.6 21.4536
      vertex -35.0853 -0.849999 21.6779
    endloop
  endfacet
  facet normal 0 1 0
    outer loop
      vertex -35.0853 -7.6 21.6779
      vertex -33.9991 -7.6 21.546
      vertex -34.7603 -7.6 21.4536
    endloop
  endfacet
  facet normal 0 1 -0
    outer loop
      vertex -35.0853 -7.6 21.6779
      vertex -33.7373 -7.6 21.8416
      vertex -33.9991 -7.6 21.546
    endloop
  endfacet
  facet normal 0.568011 0 -0.823021
    outer loop
      vertex -35.0853 -7.6 22.7721
      vertex -35.0853 -0.849999 22.7721
      vertex -34.7603 -0.849999 22.9964
    endloop
  endfacet
  facet normal 0 1 0
    outer loop
      vertex -35.0853 -7.6 22.7721
      vertex -34.7603 -7.6 22.9964
      vertex -33.9991 -7.6 22.904
    endloop
  endfacet
  facet normal 0.568011 0 -0.823021
    outer loop
      vertex -35.0853 -7.6 22.7721
      vertex -34.7603 -0.849999 22.9964
      vertex -34.7603 -7.6 22.9964
    endloop
  endfacet
  facet normal 0 1 0
    outer loop
      vertex -35.0853 -7.6 22.7721
      vertex -33.9991 -7.6 22.904
      vertex -33.7373 -7.6 22.6084
    endloop
  endfacet
  facet normal 0.568011 0 0.823021
    outer loop
      vertex -35.0853 -0.849999 21.6779
      vertex -34.7603 -7.6 21.4536
      vertex -34.7603 -0.849999 21.4536
    endloop
  endfacet
  facet normal -0.0713557 0 -0.997451
    outer loop
      vertex -34.8592 -6.4 19.503
      vertex -34.8592 -0.849999 19.503
      vertex -34.4678 -0.849999 19.475
    endloop
  endfacet
  facet normal -0.0713557 0 -0.997451
    outer loop
      vertex -34.8592 -6.4 19.503
      vertex -34.4678 -0.849999 19.475
      vertex -34.4678 -6.4 19.475
    endloop
  endfacet
  facet normal -0.0713557 0 0.997451
    outer loop
      vertex -34.8592 -6.4 24.947
      vertex -34.4678 -6.4 24.975
      vertex -34.8592 -0.849999 24.947
    endloop
  endfacet
  facet normal 0 1 0
    outer loop
      vertex -34.8592 -0.849999 19.503
      vertex -34.7603 -0.849999 21.4536
      vertex -34.3684 -0.849999 21.406
    endloop
  endfacet
  facet normal 0 1 0
    outer loop
      vertex -34.8592 -0.849999 19.503
      vertex -34.3684 -0.849999 21.406
      vertex -34.4678 -0.849999 19.475
    endloop
  endfacet
  facet normal -0.0713557 0 0.997451
    outer loop
      vertex -34.8592 -0.849999 24.947
      vertex -34.4678 -6.4 24.975
      vertex -34.4678 -0.849999 24.975
    endloop
  endfacet
  facet normal 0 1 0
    outer loop
      vertex -34.8592 -0.849999 24.947
      vertex -34.4678 -0.849999 24.975
      vertex -34.3684 -0.849999 23.044
    endloop
  endfacet
  facet normal 0 1 -0
    outer loop
      vertex -34.8592 -0.849999 24.947
      vertex -34.3684 -0.849999 23.044
      vertex -34.7603 -0.849999 22.9964
    endloop
  endfacet
  facet normal 0.120573 0 0.992704
    outer loop
      vertex -34.7603 -7.6 21.4536
      vertex -34.3684 -7.6 21.406
      vertex -34.7603 -0.849999 21.4536
    endloop
  endfacet
  facet normal -0 1 0
    outer loop
      vertex -34.7603 -7.6 21.4536
      vertex -33.9991 -7.6 21.546
      vertex -34.3684 -7.6 21.406
    endloop
  endfacet
  facet normal 0.120573 0 -0.992704
    outer loop
      vertex -34.7603 -7.6 22.9964
      vertex -34.7603 -0.849999 22.9964
      vertex -34.3684 -0.849999 23.044
    endloop
  endfacet
  facet normal 0 1 0
    outer loop
      vertex -34.7603 -7.6 22.9964
      vertex -34.3684 -7.6 23.044
      vertex -33.9991 -7.6 22.904
    endloop
  endfacet
  facet normal 0.120573 0 -0.992704
    outer loop
      vertex -34.7603 -7.6 22.9964
      vertex -34.3684 -0.849999 23.044
      vertex -34.3684 -7.6 23.044
    endloop
  endfacet
  facet normal 0.120573 0 0.992704
    outer loop
      vertex -34.7603 -0.849999 21.4536
      vertex -34.3684 -7.6 21.406
      vertex -34.3684 -0.849999 21.406
    endloop
  endfacet
  facet normal 0.0713557 0 -0.997451
    outer loop
      vertex -34.4678 -6.4 19.475
      vertex -34.4678 -0.849999 19.475
      vertex -34.0764 -0.849999 19.503
    endloop
  endfacet
  facet normal 0.0713557 0 -0.997451
    outer loop
      vertex -34.4678 -6.4 19.475
      vertex -34.0764 -0.849999 19.503
      vertex -34.0764 -6.4 19.503
    endloop
  endfacet
  facet normal 0.0713557 0 0.997451
    outer loop
      vertex -34.4678 -6.4 24.975
      vertex -34.0764 -6.4 24.947
      vertex -34.4678 -0.849999 24.975
    endloop
  endfacet
  facet normal 0 1 0
    outer loop
      vertex -34.4678 -6.4 24.975
      vertex 50.55 -6.4 51.394
      vertex -34.0764 -6.4 24.947
    endloop
  endfacet
  facet normal 0 1 0
    outer loop
      vertex -34.4678 -0.849999 19.475
      vertex -34.3684 -0.849999 21.406
      vertex -34.0764 -0.849999 19.503
    endloop
  endfacet
  facet normal 0.0713557 0 0.997451
    outer loop
      vertex -34.4678 -0.849999 24.975
      vertex -34.0764 -6.4 24.947
      vertex -34.0764 -0.849999 24.947
    endloop
  endfacet
  facet normal 0 1 -0
    outer loop
      vertex -34.4678 -0.849999 24.975
      vertex -34.0764 -0.849999 24.947
      vertex -34.3684 -0.849999 23.044
    endloop
  endfacet
  facet normal -0.354479 0 0.935064
    outer loop
      vertex -34.3684 -7.6 21.406
      vertex -33.9991 -7.6 21.546
      vertex -34.3684 -0.849999 21.406
    endloop
  endfacet
  facet normal -0.354479 0 -0.935064
    outer loop
      vertex -34.3684 -7.6 23.044
      vertex -34.3684 -0.849999 23.044
      vertex -33.9991 -0.849999 22.904
    endloop
  endfacet
  facet normal -0.354479 0 -0.935064
    outer loop
      vertex -34.3684 -7.6 23.044
      vertex -33.9991 -0.849999 22.904
      vertex -33.9991 -7.6 22.904
    endloop
  endfacet
  facet normal -0.354479 0 0.935064
    outer loop
      vertex -34.3684 -0.849999 21.406
      vertex -33.9991 -7.6 21.546
      vertex -33.9991 -0.849999 21.546
    endloop
  endfacet
  facet normal 0 1 0
    outer loop
      vertex -34.3684 -0.849999 21.406
      vertex -33.9991 -0.849999 21.546
      vertex -33.3254 -0.849999 19.7235
    endloop
  endfacet
  facet normal 0 1 -0
    outer loop
      vertex -34.3684 -0.849999 21.406
      vertex -33.693 -0.849999 19.5864
      vertex -34.0764 -0.849999 19.503
    endloop
  endfacet
  facet normal 0 1 -0
    outer loop
      vertex -34.3684 -0.849999 21.406
      vertex -33.3254 -0.849999 19.7235
      vertex -33.693 -0.849999 19.5864
    endloop
  endfacet
  facet normal 0 1 0
    outer loop
      vertex -34.3684 -0.849999 23.044
      vertex -34.0764 -0.849999 24.947
      vertex -33.693 -0.849999 24.8636
    endloop
  endfacet
  facet normal 0 1 0
    outer loop
      vertex -34.3684 -0.849999 23.044
      vertex -33.693 -0.849999 24.8636
      vertex -33.3254 -0.849999 24.7265
    endloop
  endfacet
  facet normal 0 1 0
    outer loop
      vertex -34.3684 -0.849999 23.044
      vertex -33.3254 -0.849999 24.7265
      vertex -33.9991 -0.849999 22.904
    endloop
  endfacet
  facet normal 0.212557 0 -0.977149
    outer loop
      vertex -34.0764 -6.4 19.503
      vertex -34.0764 -0.849999 19.503
      vertex -33.693 -0.849999 19.5864
    endloop
  endfacet
  facet normal 0 1 0
    outer loop
      vertex -34.0764 -6.4 19.503
      vertex -33.693 -6.4 19.5864
      vertex 50.55 -6.4 14.9352
    endloop
  endfacet
  facet normal 0.212557 0 -0.977149
    outer loop
      vertex -34.0764 -6.4 19.503
      vertex -33.693 -0.849999 19.5864
      vertex -33.693 -6.4 19.5864
    endloop
  endfacet
  facet normal 0.212557 0 0.977149
    outer loop
      vertex -34.0764 -6.4 24.947
      vertex -33.693 -6.4 24.8636
      vertex -34.0764 -0.849999 24.947
    endloop
  endfacet
  facet normal 0 1 0
    outer loop
      vertex -34.0764 -6.4 24.947
      vertex 50.55 -6.4 51.394
      vertex -33.693 -6.4 24.8636
    endloop
  endfacet
  facet normal 0.212557 0 0.977149
    outer loop
      vertex -34.0764 -0.849999 24.947
      vertex -33.693 -6.4 24.8636
      vertex -33.693 -0.849999 24.8636
    endloop
  endfacet
  facet normal -0.74861 0 0.663011
    outer loop
      vertex -33.9991 -7.6 21.546
      vertex -33.7373 -7.6 21.8416
      vertex -33.7373 -0.849999 21.8416
    endloop
  endfacet
  facet normal -0.74861 0 0.663011
    outer loop
      vertex -33.9991 -7.6 21.546
      vertex -33.7373 -0.849999 21.8416
      vertex -33.9991 -0.849999 21.546
    endloop
  endfacet
  facet normal -0.74861 -0 -0.663011
    outer loop
      vertex -33.9991 -7.6 22.904
      vertex -33.9991 -0.849999 22.904
      vertex -33.7373 -7.6 22.6084
    endloop
  endfacet
  facet normal 0 1 0
    outer loop
      vertex -33.9991 -0.849999 21.546
      vertex -33.7373 -0.849999 21.8416
      vertex -32.3895 -0.849999 20.4241
    endloop
  endfacet
  facet normal 0 1 -0
    outer loop
      vertex -33.9991 -0.849999 21.546
      vertex -32.981 -0.849999 19.9116
      vertex -33.3254 -0.849999 19.7235
    endloop
  endfacet
  facet normal 0 1 -0
    outer loop
      vertex -33.9991 -0.849999 21.546
      vertex -32.6669 -0.849999 20.1467
      vertex -32.981 -0.849999 19.9116
    endloop
  endfacet
  facet normal 0 1 -0
    outer loop
      vertex -33.9991 -0.849999 21.546
      vertex -32.3895 -0.849999 20.4241
      vertex -32.6669 -0.849999 20.1467
    endloop
  endfacet
  facet normal -0.74861 0 -0.663011
    outer loop
      vertex -33.9991 -0.849999 22.904
      vertex -33.7373 -0.849999 22.6084
      vertex -33.7373 -7.6 22.6084
    endloop
  endfacet
  facet normal 0 1 0
    outer loop
      vertex -33.9991 -0.849999 22.904
      vertex -33.3254 -0.849999 24.7265
      vertex -32.981 -0.849999 24.5384
    endloop
  endfacet
  facet normal 0 1 0
    outer loop
      vertex -33.9991 -0.849999 22.904
      vertex -32.981 -0.849999 24.5384
      vertex -32.6669 -0.849999 24.3033
    endloop
  endfacet
  facet normal 0 1 0
    outer loop
      vertex -33.9991 -0.849999 22.904
      vertex -32.6669 -0.849999 24.3033
      vertex -32.3895 -0.849999 24.0259
    endloop
  endfacet
  facet normal 0 1 0
    outer loop
      vertex -33.9991 -0.849999 22.904
      vertex -32.3895 -0.849999 24.0259
      vertex -33.7373 -0.849999 22.6084
    endloop
  endfacet
  facet normal -0.970942 0 0.239317
    outer loop
      vertex -33.7373 -7.6 21.8416
      vertex -33.6428 -7.6 22.225
      vertex -33.6428 -0.849999 22.225
    endloop
  endfacet
  facet normal -0.970942 0 0.239317
    outer loop
      vertex -33.7373 -7.6 21.8416
      vertex -33.6428 -0.849999 22.225
      vertex -33.7373 -0.849999 21.8416
    endloop
  endfacet
  facet normal -0.970942 -0 -0.239317
    outer loop
      vertex -33.7373 -7.6 22.6084
      vertex -33.7373 -0.849999 22.6084
      vertex -33.6428 -7.6 22.225
    endloop
  endfacet
  facet normal 0 1 0
    outer loop
      vertex -33.7373 -0.849999 21.8416
      vertex -33.6428 -0.849999 22.225
      vertex -31.8292 -0.849999 21.4502
    endloop
  endfacet
  facet normal 0 1 -0
    outer loop
      vertex -33.7373 -0.849999 21.8416
      vertex -32.1544 -0.849999 20.7382
      vertex -32.3895 -0.849999 20.4241
    endloop
  endfacet
  facet normal 0 1 -0
    outer loop
      vertex -33.7373 -0.849999 21.8416
      vertex -31.9663 -0.849999 21.0826
      vertex -32.1544 -0.849999 20.7382
    endloop
  endfacet
  facet normal 0 1 -0
    outer loop
      vertex -33.7373 -0.849999 21.8416
      vertex -31.8292 -0.849999 21.4502
      vertex -31.9663 -0.849999 21.0826
    endloop
  endfacet
  facet normal -0.970942 0 -0.239317
    outer loop
      vertex -33.7373 -0.849999 22.6084
      vertex -33.6428 -0.849999 22.225
      vertex -33.6428 -7.6 22.225
    endloop
  endfacet
  facet normal 0 1 0
    outer loop
      vertex -33.7373 -0.849999 22.6084
      vertex -32.3895 -0.849999 24.0259
      vertex -32.1544 -0.849999 23.7118
    endloop
  endfacet
  facet normal 0 1 0
    outer loop
      vertex -33.7373 -0.849999 22.6084
      vertex -32.1544 -0.849999 23.7118
      vertex -31.9663 -0.849999 23.3674
    endloop
  endfacet
  facet normal 0 1 0
    outer loop
      vertex -33.7373 -0.849999 22.6084
      vertex -31.9663 -0.849999 23.3674
      vertex -31.8292 -0.849999 22.9998
    endloop
  endfacet
  facet normal 0 1 0
    outer loop
      vertex -33.7373 -0.849999 22.6084
      vertex -31.8292 -0.849999 22.9998
      vertex -33.6428 -0.849999 22.225
    endloop
  endfacet
  facet normal 0.349447 0 -0.936956
    outer loop
      vertex -33.693 -6.4 19.5864
      vertex -33.693 -0.849999 19.5864
      vertex -33.3254 -0.849999 19.7235
    endloop
  endfacet
  facet normal 0 1 0
    outer loop
      vertex -33.693 -6.4 19.5864
      vertex -33.3254 -6.4 19.7235
      vertex 35.1916 -6.4 19.5864
    endloop
  endfacet
  facet normal 0.349447 0 -0.936956
    outer loop
      vertex -33.693 -6.4 19.5864
      vertex -33.3254 -0.849999 19.7235
      vertex -33.3254 -6.4 19.7235
    endloop
  endfacet
  facet normal 0 1 0
    outer loop
      vertex -33.693 -6.4 19.5864
      vertex 35.1916 -6.4 19.5864
      vertex 50.55 -6.4 14.9352
    endloop
  endfacet
  facet normal 0.349447 0 0.936956
    outer loop
      vertex -33.693 -6.4 24.8636
      vertex -33.3254 -6.4 24.7265
      vertex -33.693 -0.849999 24.8636
    endloop
  endfacet
  facet normal 0 1 0
    outer loop
      vertex -33.693 -6.4 24.8636
      vertex 50.55 -6.4 51.394
      vertex -33.3254 -6.4 24.7265
    endloop
  endfacet
  facet normal 0.349447 0 0.936956
    outer loop
      vertex -33.693 -0.849999 24.8636
      vertex -33.3254 -6.4 24.7265
      vertex -33.3254 -0.849999 24.7265
    endloop
  endfacet
  facet normal 0 1 0
    outer loop
      vertex -33.6428 -0.849999 22.225
      vertex -31.8292 -0.849999 22.9998
      vertex -31.7458 -0.849999 22.6164
    endloop
  endfacet
  facet normal 0 1 -0
    outer loop
      vertex -33.6428 -0.849999 22.225
      vertex -31.7458 -0.849999 21.8336
      vertex -31.8292 -0.849999 21.4502
    endloop
  endfacet
  facet normal 0 1 0
    outer loop
      vertex -33.6428 -0.849999 22.225
      vertex -31.7458 -0.849999 22.6164
      vertex -31.7178 -0.849999 22.225
    endloop
  endfacet
  facet normal 0 1 -0
    outer loop
      vertex -33.6428 -0.849999 22.225
      vertex -31.7178 -0.849999 22.225
      vertex -31.7458 -0.849999 21.8336
    endloop
  endfacet
  facet normal 0.479334 0 -0.877632
    outer loop
      vertex -33.3254 -6.4 19.7235
      vertex -33.3254 -0.849999 19.7235
      vertex -32.981 -0.849999 19.9116
    endloop
  endfacet
  facet normal 0 1 0
    outer loop
      vertex -33.3254 -6.4 19.7235
      vertex -32.981 -6.4 19.9116
      vertex 34.824 -6.4 19.7235
    endloop
  endfacet
  facet normal 0.479334 0 -0.877632
    outer loop
      vertex -33.3254 -6.4 19.7235
      vertex -32.981 -0.849999 19.9116
      vertex -32.981 -6.4 19.9116
    endloop
  endfacet
  facet normal 0 1 0
    outer loop
      vertex -33.3254 -6.4 19.7235
      vertex 34.824 -6.4 19.7235
      vertex 35.1916 -6.4 19.5864
    endloop
  endfacet
  facet normal 0.479334 0 0.877632
    outer loop
      vertex -33.3254 -6.4 24.7265
      vertex -32.981 -6.4 24.5384
      vertex -33.3254 -0.849999 24.7265
    endloop
  endfacet
  facet normal 0 1 0
    outer loop
      vertex -33.3254 -6.4 24.7265
      vertex 50.55 -6.4 51.394
      vertex -32.981 -6.4 24.5384
    endloop
  endfacet
  facet normal 0.479334 0 0.877632
    outer loop
      vertex -33.3254 -0.849999 24.7265
      vertex -32.981 -6.4 24.5384
      vertex -32.981 -0.849999 24.5384
    endloop
  endfacet
  facet normal 0.599225 0 -0.800581
    outer loop
      vertex -32.981 -6.4 19.9116
      vertex -32.981 -0.849999 19.9116
      vertex -32.6669 -0.849999 20.1467
    endloop
  endfacet
  facet normal 0 1 0
    outer loop
      vertex -32.981 -6.4 19.9116
      vertex -32.6669 -6.4 20.1467
      vertex 34.4796 -6.4 19.9116
    endloop
  endfacet
  facet normal 0.599225 0 -0.800581
    outer loop
      vertex -32.981 -6.4 19.9116
      vertex -32.6669 -0.849999 20.1467
      vertex -32.6669 -6.4 20.1467
    endloop
  endfacet
  facet normal 0 1 0
    outer loop
      vertex -32.981 -6.4 19.9116
      vertex 34.4796 -6.4 19.9116
      vertex 34.824 -6.4 19.7235
    endloop
  endfacet
  facet normal 0.599225 0 0.800581
    outer loop
      vertex -32.981 -6.4 24.5384
      vertex -32.6669 -6.4 24.3033
      vertex -32.981 -0.849999 24.5384
    endloop
  endfacet
  facet normal 0 1 0
    outer loop
      vertex -32.981 -6.4 24.5384
      vertex 50.55 -6.4 51.394
      vertex -32.6669 -6.4 24.3033
    endloop
  endfacet
  facet normal 0.599225 0 0.800581
    outer loop
      vertex -32.981 -0.849999 24.5384
      vertex -32.6669 -6.4 24.3033
      vertex -32.6669 -0.849999 24.3033
    endloop
  endfacet
  facet normal 0.707107 0 -0.707107
    outer loop
      vertex -32.6669 -6.4 20.1467
      vertex -32.6669 -0.849999 20.1467
      vertex -32.3895 -6.4 20.4241
    endloop
  endfacet
  facet normal 0 1 0
    outer loop
      vertex -32.6669 -6.4 20.1467
      vertex -32.3895 -6.4 20.4241
      vertex 34.1655 -6.4 20.1467
    endloop
  endfacet
  facet normal 0 1 0
    outer loop
      vertex -32.6669 -6.4 20.1467
      vertex 34.1655 -6.4 20.1467
      vertex 34.4796 -6.4 19.9116
    endloop
  endfacet
  facet normal 0.707107 0 0.707107
    outer loop
      vertex -32.6669 -6.4 24.3033
      vertex -32.3895 -6.4 24.0259
      vertex -32.3895 -0.849999 24.0259
    endloop
  endfacet
  facet normal 0.707107 -0 0.707107
    outer loop
      vertex -32.6669 -6.4 24.3033
      vertex -32.3895 -0.849999 24.0259
      vertex -32.6669 -0.849999 24.3033
    endloop
  endfacet
  facet normal 0 1 0
    outer loop
      vertex -32.6669 -6.4 24.3033
      vertex 33.8881 -6.4 24.0259
      vertex -32.3895 -6.4 24.0259
    endloop
  endfacet
  facet normal 0 1 -0
    outer loop
      vertex -32.6669 -6.4 24.3033
      vertex 34.1655 -6.4 24.3033
      vertex 33.8881 -6.4 24.0259
    endloop
  endfacet
  facet normal 0 1 0
    outer loop
      vertex -32.6669 -6.4 24.3033
      vertex 50.55 -6.4 51.394
      vertex 34.1655 -6.4 24.3033
    endloop
  endfacet
  facet normal 0.707107 0 -0.707107
    outer loop
      vertex -32.6669 -0.849999 20.1467
      vertex -32.3895 -0.849999 20.4241
      vertex -32.3895 -6.4 20.4241
    endloop
  endfacet
  facet normal 0.800581 0 -0.599225
    outer loop
      vertex -32.3895 -6.4 20.4241
      vertex -32.3895 -0.849999 20.4241
      vertex -32.1544 -6.4 20.7382
    endloop
  endfacet
  facet normal 0 1 0
    outer loop
      vertex -32.3895 -6.4 20.4241
      vertex -32.1544 -6.4 20.7382
      vertex 33.8881 -6.4 20.4241
    endloop
  endfacet
  facet normal 0 1 0
    outer loop
      vertex -32.3895 -6.4 20.4241
      vertex 33.8881 -6.4 20.4241
      vertex 34.1655 -6.4 20.1467
    endloop
  endfacet
  facet normal 0.800581 0 0.599225
    outer loop
      vertex -32.3895 -6.4 24.0259
      vertex -32.1544 -6.4 23.7118
      vertex -32.1544 -0.849999 23.7118
    endloop
  endfacet
  facet normal 0.800581 -0 0.599225
    outer loop
      vertex -32.3895 -6.4 24.0259
      vertex -32.1544 -0.849999 23.7118
      vertex -32.3895 -0.849999 24.0259
    endloop
  endfacet
  facet normal 0 1 0
    outer loop
      vertex -32.3895 -6.4 24.0259
      vertex 33.653 -6.4 23.7118
      vertex -32.1544 -6.4 23.7118
    endloop
  endfacet
  facet normal 0 1 -0
    outer loop
      vertex -32.3895 -6.4 24.0259
      vertex 33.8881 -6.4 24.0259
      vertex 33.653 -6.4 23.7118
    endloop
  endfacet
  facet normal 0.800581 0 -0.599225
    outer loop
      vertex -32.3895 -0.849999 20.4241
      vertex -32.1544 -0.849999 20.7382
      vertex -32.1544 -6.4 20.7382
    endloop
  endfacet
  facet normal 0.877632 0 -0.479334
    outer loop
      vertex -32.1544 -6.4 20.7382
      vertex -32.1544 -0.849999 20.7382
      vertex -31.9663 -6.4 21.0826
    endloop
  endfacet
  facet normal 0 1 0
    outer loop
      vertex -32.1544 -6.4 20.7382
      vertex -31.9663 -6.4 21.0826
      vertex 33.653 -6.4 20.7382
    endloop
  endfacet
  facet normal 0 1 0
    outer loop
      vertex -32.1544 -6.4 20.7382
      vertex 33.653 -6.4 20.7382
      vertex 33.8881 -6.4 20.4241
    endloop
  endfacet
  facet normal 0.877632 0 0.479334
    outer loop
      vertex -32.1544 -6.4 23.7118
      vertex -31.9663 -6.4 23.3674
      vertex -31.9663 -0.849999 23.3674
    endloop
  endfacet
  facet normal 0.877632 -0 0.479334
    outer loop
      vertex -32.1544 -6.4 23.7118
      vertex -31.9663 -0.849999 23.3674
      vertex -32.1544 -0.849999 23.7118
    endloop
  endfacet
  facet normal 0 1 0
    outer loop
      vertex -32.1544 -6.4 23.7118
      vertex 33.4649 -6.4 23.3674
      vertex -31.9663 -6.4 23.3674
    endloop
  endfacet
  facet normal 0 1 -0
    outer loop
      vertex -32.1544 -6.4 23.7118
      vertex 33.653 -6.4 23.7118
      vertex 33.4649 -6.4 23.3674
    endloop
  endfacet
  facet normal 0.877632 0 -0.479334
    outer loop
      vertex -32.1544 -0.849999 20.7382
      vertex -31.9663 -0.849999 21.0826
      vertex -31.9663 -6.4 21.0826
    endloop
  endfacet
  facet normal 0.936956 0 -0.349447
    outer loop
      vertex -31.9663 -6.4 21.0826
      vertex -31.9663 -0.849999 21.0826
      vertex -31.8292 -6.4 21.4502
    endloop
  endfacet
  facet normal 0 1 0
    outer loop
      vertex -31.9663 -6.4 21.0826
      vertex -31.8292 -6.4 21.4502
      vertex 33.4649 -6.4 21.0826
    endloop
  endfacet
  facet normal 0 1 0
    outer loop
      vertex -31.9663 -6.4 21.0826
      vertex 33.4649 -6.4 21.0826
      vertex 33.653 -6.4 20.7382
    endloop
  endfacet
  facet normal 0.936956 0 0.349447
    outer loop
      vertex -31.9663 -6.4 23.3674
      vertex -31.8292 -6.4 22.9998
      vertex -31.8292 -0.849999 22.9998
    endloop
  endfacet
  facet normal 0.936956 -0 0.349447
    outer loop
      vertex -31.9663 -6.4 23.3674
      vertex -31.8292 -0.849999 22.9998
      vertex -31.9663 -0.849999 23.3674
    endloop
  endfacet
  facet normal 0 1 0
    outer loop
      vertex -31.9663 -6.4 23.3674
      vertex 33.3278 -6.4 22.9998
      vertex -31.8292 -6.4 22.9998
    endloop
  endfacet
  facet normal 0 1 -0
    outer loop
      vertex -31.9663 -6.4 23.3674
      vertex 33.4649 -6.4 23.3674
      vertex 33.3278 -6.4 22.9998
    endloop
  endfacet
  facet normal 0.936956 0 -0.349447
    outer loop
      vertex -31.9663 -0.849999 21.0826
      vertex -31.8292 -0.849999 21.4502
      vertex -31.8292 -6.4 21.4502
    endloop
  endfacet
  facet normal 0.977149 0 -0.212557
    outer loop
      vertex -31.8292 -6.4 21.4502
      vertex -31.8292 -0.849999 21.4502
      vertex -31.7458 -6.4 21.8336
    endloop
  endfacet
  facet normal 0 1 0
    outer loop
      vertex -31.8292 -6.4 21.4502
      vertex -31.7458 -6.4 21.8336
      vertex 33.3278 -6.4 21.4502
    endloop
  endfacet
  facet normal 0 1 0
    outer loop
      vertex -31.8292 -6.4 21.4502
      vertex 33.3278 -6.4 21.4502
      vertex 33.4649 -6.4 21.0826
    endloop
  endfacet
  facet normal 0.977149 0 0.212557
    outer loop
      vertex -31.8292 -6.4 22.9998
      vertex -31.7458 -6.4 22.6164
      vertex -31.7458 -0.849999 22.6164
    endloop
  endfacet
  facet normal 0.977149 -0 0.212557
    outer loop
      vertex -31.8292 -6.4 22.9998
      vertex -31.7458 -0.849999 22.6164
      vertex -31.8292 -0.849999 22.9998
    endloop
  endfacet
  facet normal 0 1 0
    outer loop
      vertex -31.8292 -6.4 22.9998
      vertex 33.2444 -6.4 22.6164
      vertex -31.7458 -6.4 22.6164
    endloop
  endfacet
  facet normal 0 1 -0
    outer loop
      vertex -31.8292 -6.4 22.9998
      vertex 33.3278 -6.4 22.9998
      vertex 33.2444 -6.4 22.6164
    endloop
  endfacet
  facet normal 0.977149 0 -0.212557
    outer loop
      vertex -31.8292 -0.849999 21.4502
      vertex -31.7458 -0.849999 21.8336
      vertex -31.7458 -6.4 21.8336
    endloop
  endfacet
  facet normal 0.997451 0 -0.0713557
    outer loop
      vertex -31.7458 -6.4 21.8336
      vertex -31.7458 -0.849999 21.8336
      vertex -31.7178 -6.4 22.225
    endloop
  endfacet
  facet normal 0 1 0
    outer loop
      vertex -31.7458 -6.4 21.8336
      vertex -31.7178 -6.4 22.225
      vertex 33.2444 -6.4 21.8336
    endloop
  endfacet
  facet normal 0 1 0
    outer loop
      vertex -31.7458 -6.4 21.8336
      vertex 33.2444 -6.4 21.8336
      vertex 33.3278 -6.4 21.4502
    endloop
  endfacet
  facet normal 0.997451 0 0.0713557
    outer loop
      vertex -31.7458 -6.4 22.6164
      vertex -31.7178 -6.4 22.225
      vertex -31.7178 -0.849999 22.225
    endloop
  endfacet
  facet normal 0.997451 -0 0.0713557
    outer loop
      vertex -31.7458 -6.4 22.6164
      vertex -31.7178 -0.849999 22.225
      vertex -31.7458 -0.849999 22.6164
    endloop
  endfacet
  facet normal 0 1 0
    outer loop
      vertex -31.7458 -6.4 22.6164
      vertex 33.2164 -6.4 22.225
      vertex -31.7178 -6.4 22.225
    endloop
  endfacet
  facet normal 0 1 -0
    outer loop
      vertex -31.7458 -6.4 22.6164
      vertex 33.2444 -6.4 22.6164
      vertex 33.2164 -6.4 22.225
    endloop
  endfacet
  facet normal 0.997451 0 -0.0713557
    outer loop
      vertex -31.7458 -0.849999 21.8336
      vertex -31.7178 -0.849999 22.225
      vertex -31.7178 -6.4 22.225
    endloop
  endfacet
  facet normal 0 1 0
    outer loop
      vertex -31.7178 -6.4 22.225
      vertex 33.2164 -6.4 22.225
      vertex 33.2444 -6.4 21.8336
    endloop
  endfacet
  facet normal -0.997451 -0 -0.0713557
    outer loop
      vertex 33.2164 -6.4 22.225
      vertex 33.2164 -0.849999 22.225
      vertex 33.2444 -6.4 21.8336
    endloop
  endfacet
  facet normal -0.997451 0 0.0713557
    outer loop
      vertex 33.2164 -6.4 22.225
      vertex 33.2444 -6.4 22.6164
      vertex 33.2444 -0.849999 22.6164
    endloop
  endfacet
  facet normal -0.997451 0 0.0713557
    outer loop
      vertex 33.2164 -6.4 22.225
      vertex 33.2444 -0.849999 22.6164
      vertex 33.2164 -0.849999 22.225
    endloop
  endfacet
  facet normal -0.997451 0 -0.0713557
    outer loop
      vertex 33.2164 -0.849999 22.225
      vertex 33.2444 -0.849999 21.8336
      vertex 33.2444 -6.4 21.8336
    endloop
  endfacet
  facet normal 0 1 0
    outer loop
      vertex 33.2164 -0.849999 22.225
      vertex 33.2444 -0.849999 22.6164
      vertex 35.1654 -0.849999 22.4224
    endloop
  endfacet
  facet normal 0 1 0
    outer loop
      vertex 33.2164 -0.849999 22.225
      vertex 35.1654 -0.849999 22.0276
      vertex 33.2444 -0.849999 21.8336
    endloop
  endfacet
  facet normal 0 1 -0
    outer loop
      vertex 33.2164 -0.849999 22.225
      vertex 35.1654 -0.849999 22.4224
      vertex 35.1654 -0.849999 22.0276
    endloop
  endfacet
  facet normal -0.977149 -0 -0.212557
    outer loop
      vertex 33.2444 -6.4 21.8336
      vertex 33.2444 -0.849999 21.8336
      vertex 33.3278 -6.4 21.4502
    endloop
  endfacet
  facet normal -0.977149 0 0.212557
    outer loop
      vertex 33.2444 -6.4 22.6164
      vertex 33.3278 -6.4 22.9998
      vertex 33.3278 -0.849999 22.9998
    endloop
  endfacet
  facet normal -0.977149 0 0.212557
    outer loop
      vertex 33.2444 -6.4 22.6164
      vertex 33.3278 -0.849999 22.9998
      vertex 33.2444 -0.849999 22.6164
    endloop
  endfacet
  facet normal -0.977149 0 -0.212557
    outer loop
      vertex 33.2444 -0.849999 21.8336
      vertex 33.3278 -0.849999 21.4502
      vertex 33.3278 -6.4 21.4502
    endloop
  endfacet
  facet normal 0 1 0
    outer loop
      vertex 33.2444 -0.849999 21.8336
      vertex 35.1654 -0.849999 22.0276
      vertex 33.3278 -0.849999 21.4502
    endloop
  endfacet
  facet normal 0 1 0
    outer loop
      vertex 33.2444 -0.849999 22.6164
      vertex 33.3278 -0.849999 22.9998
      vertex 35.1654 -0.849999 22.4224
    endloop
  endfacet
  facet normal -0.936956 -0 -0.349447
    outer loop
      vertex 33.3278 -6.4 21.4502
      vertex 33.3278 -0.849999 21.4502
      vertex 33.4649 -6.4 21.0826
    endloop
  endfacet
  facet normal -0.936956 0 0.349447
    outer loop
      vertex 33.3278 -6.4 22.9998
      vertex 33.4649 -6.4 23.3674
      vertex 33.4649 -0.849999 23.3674
    endloop
  endfacet
  facet normal -0.936956 0 0.349447
    outer loop
      vertex 33.3278 -6.4 22.9998
      vertex 33.4649 -0.849999 23.3674
      vertex 33.3278 -0.849999 22.9998
    endloop
  endfacet
  facet normal -0.936956 0 -0.349447
    outer loop
      vertex 33.3278 -0.849999 21.4502
      vertex 33.4649 -0.849999 21.0826
      vertex 33.4649 -6.4 21.0826
    endloop
  endfacet
  facet normal 0 1 0
    outer loop
      vertex 33.3278 -0.849999 21.4502
      vertex 35.1654 -0.849999 22.0276
      vertex 33.4649 -0.849999 21.0826
    endloop
  endfacet
  facet normal 0 1 0
    outer loop
      vertex 33.3278 -0.849999 22.9998
      vertex 33.4649 -0.849999 23.3674
      vertex 35.1654 -0.849999 22.4224
    endloop
  endfacet
  facet normal -0.877632 -0 -0.479334
    outer loop
      vertex 33.4649 -6.4 21.0826
      vertex 33.4649 -0.849999 21.0826
      vertex 33.653 -6.4 20.7382
    endloop
  endfacet
  facet normal -0.877632 0 0.479334
    outer loop
      vertex 33.4649 -6.4 23.3674
      vertex 33.653 -6.4 23.7118
      vertex 33.653 -0.849999 23.7118
    endloop
  endfacet
  facet normal -0.877632 0 0.479334
    outer loop
      vertex 33.4649 -6.4 23.3674
      vertex 33.653 -0.849999 23.7118
      vertex 33.4649 -0.849999 23.3674
    endloop
  endfacet
  facet normal -0.877632 0 -0.479334
    outer loop
      vertex 33.4649 -0.849999 21.0826
      vertex 33.653 -0.849999 20.7382
      vertex 33.653 -6.4 20.7382
    endloop
  endfacet
  facet normal 0 1 0
    outer loop
      vertex 33.4649 -0.849999 21.0826
      vertex 35.1654 -0.849999 22.0276
      vertex 35.3489 -0.849999 21.6779
    endloop
  endfacet
  facet normal 0 1 0
    outer loop
      vertex 33.4649 -0.849999 21.0826
      vertex 35.3489 -0.849999 21.6779
      vertex 33.653 -0.849999 20.7382
    endloop
  endfacet
  facet normal 0 1 0
    outer loop
      vertex 33.4649 -0.849999 23.3674
      vertex 33.653 -0.849999 23.7118
      vertex 35.3489 -0.849999 22.7721
    endloop
  endfacet
  facet normal 0 1 -0
    outer loop
      vertex 33.4649 -0.849999 23.3674
      vertex 35.3489 -0.849999 22.7721
      vertex 35.1654 -0.849999 22.4224
    endloop
  endfacet
  facet normal -0.800581 -0 -0.599225
    outer loop
      vertex 33.653 -6.4 20.7382
      vertex 33.653 -0.849999 20.7382
      vertex 33.8881 -6.4 20.4241
    endloop
  endfacet
  facet normal -0.800581 0 0.599225
    outer loop
      vertex 33.653 -6.4 23.7118
      vertex 33.8881 -6.4 24.0259
      vertex 33.8881 -0.849999 24.0259
    endloop
  endfacet
  facet normal -0.800581 0 0.599225
    outer loop
      vertex 33.653 -6.4 23.7118
      vertex 33.8881 -0.849999 24.0259
      vertex 33.653 -0.849999 23.7118
    endloop
  endfacet
  facet normal -0.800581 0 -0.599225
    outer loop
      vertex 33.653 -0.849999 20.7382
      vertex 33.8881 -0.849999 20.4241
      vertex 33.8881 -6.4 20.4241
    endloop
  endfacet
  facet normal 0 1 0
    outer loop
      vertex 33.653 -0.849999 20.7382
      vertex 35.3489 -0.849999 21.6779
      vertex 33.8881 -0.849999 20.4241
    endloop
  endfacet
  facet normal 0 1 0
    outer loop
      vertex 33.653 -0.849999 23.7118
      vertex 33.8881 -0.849999 24.0259
      vertex 35.3489 -0.849999 22.7721
    endloop
  endfacet
  facet normal -0.707107 -0 -0.707107
    outer loop
      vertex 33.8881 -6.4 20.4241
      vertex 33.8881 -0.849999 20.4241
      vertex 34.1655 -6.4 20.1467
    endloop
  endfacet
  facet normal -0.707107 0 0.707107
    outer loop
      vertex 33.8881 -6.4 24.0259
      vertex 34.1655 -6.4 24.3033
      vertex 34.1655 -0.849999 24.3033
    endloop
  endfacet
  facet normal -0.707107 0 0.707107
    outer loop
      vertex 33.8881 -6.4 24.0259
      vertex 34.1655 -0.849999 24.3033
      vertex 33.8881 -0.849999 24.0259
    endloop
  endfacet
  facet normal -0.707107 0 -0.707107
    outer loop
      vertex 33.8881 -0.849999 20.4241
      vertex 34.1655 -0.849999 20.1467
      vertex 34.1655 -6.4 20.1467
    endloop
  endfacet
  facet normal 0 1 0
    outer loop
      vertex 33.8881 -0.849999 20.4241
      vertex 35.3489 -0.849999 21.6779
      vertex 34.1655 -0.849999 20.1467
    endloop
  endfacet
  facet normal 0 1 0
    outer loop
      vertex 33.8881 -0.849999 24.0259
      vertex 34.1655 -0.849999 24.3033
      vertex 35.3489 -0.849999 22.7721
    endloop
  endfacet
  facet normal -0.599225 0 -0.800581
    outer loop
      vertex 34.1655 -6.4 20.1467
      vertex 34.1655 -0.849999 20.1467
      vertex 34.4796 -0.849999 19.9116
    endloop
  endfacet
  facet normal -0.599225 0 -0.800581
    outer loop
      vertex 34.1655 -6.4 20.1467
      vertex 34.4796 -0.849999 19.9116
      vertex 34.4796 -6.4 19.9116
    endloop
  endfacet
  facet normal -0.599225 0 0.800581
    outer loop
      vertex 34.1655 -6.4 24.3033
      vertex 34.4796 -6.4 24.5384
      vertex 34.1655 -0.849999 24.3033
    endloop
  endfacet
  facet normal 0 1 0
    outer loop
      vertex 34.1655 -6.4 24.3033
      vertex 50.55 -6.4 51.394
      vertex 34.4796 -6.4 24.5384
    endloop
  endfacet
  facet normal 0 1 0
    outer loop
      vertex 34.1655 -0.849999 20.1467
      vertex 35.3489 -0.849999 21.6779
      vertex 34.4796 -0.849999 19.9116
    endloop
  endfacet
  facet normal -0.599225 0 0.800581
    outer loop
      vertex 34.1655 -0.849999 24.3033
      vertex 34.4796 -6.4 24.5384
      vertex 34.4796 -0.849999 24.5384
    endloop
  endfacet
  facet normal 0 1 0
    outer loop
      vertex 34.1655 -0.849999 24.3033
      vertex 34.4796 -0.849999 24.5384
      vertex 35.3489 -0.849999 22.7721
    endloop
  endfacet
  facet normal -0.479334 0 -0.877632
    outer loop
      vertex 34.4796 -6.4 19.9116
      vertex 34.4796 -0.849999 19.9116
      vertex 34.824 -0.849999 19.7235
    endloop
  endfacet
  facet normal -0.479334 0 -0.877632
    outer loop
      vertex 34.4796 -6.4 19.9116
      vertex 34.824 -0.849999 19.7235
      vertex 34.824 -6.4 19.7235
    endloop
  endfacet
  facet normal -0.479334 0 0.877632
    outer loop
      vertex 34.4796 -6.4 24.5384
      vertex 34.824 -6.4 24.7265
      vertex 34.4796 -0.849999 24.5384
    endloop
  endfacet
  facet normal 0 1 0
    outer loop
      vertex 34.4796 -6.4 24.5384
      vertex 50.55 -6.4 51.394
      vertex 34.824 -6.4 24.7265
    endloop
  endfacet
  facet normal 0 1 0
    outer loop
      vertex 34.4796 -0.849999 19.9116
      vertex 35.3489 -0.849999 21.6779
      vertex 35.6739 -0.849999 21.4536
    endloop
  endfacet
  facet normal 0 1 0
    outer loop
      vertex 34.4796 -0.849999 19.9116
      vertex 35.6739 -0.849999 21.4536
      vertex 34.824 -0.849999 19.7235
    endloop
  endfacet
  facet normal -0.479334 0 0.877632
    outer loop
      vertex 34.4796 -0.849999 24.5384
      vertex 34.824 -6.4 24.7265
      vertex 34.824 -0.849999 24.7265
    endloop
  endfacet
  facet normal 0 1 0
    outer loop
      vertex 34.4796 -0.849999 24.5384
      vertex 34.824 -0.849999 24.7265
      vertex 35.6739 -0.849999 22.9964
    endloop
  endfacet
  facet normal 0 1 -0
    outer loop
      vertex 34.4796 -0.849999 24.5384
      vertex 35.6739 -0.849999 22.9964
      vertex 35.3489 -0.849999 22.7721
    endloop
  endfacet
  facet normal -0.349447 0 -0.936956
    outer loop
      vertex 34.824 -6.4 19.7235
      vertex 34.824 -0.849999 19.7235
      vertex 35.1916 -0.849999 19.5864
    endloop
  endfacet
  facet normal -0.349447 0 -0.936956
    outer loop
      vertex 34.824 -6.4 19.7235
      vertex 35.1916 -0.849999 19.5864
      vertex 35.1916 -6.4 19.5864
    endloop
  endfacet
  facet normal -0.349447 0 0.936956
    outer loop
      vertex 34.824 -6.4 24.7265
      vertex 35.1916 -6.4 24.8636
      vertex 34.824 -0.849999 24.7265
    endloop
  endfacet
  facet normal 0 1 0
    outer loop
      vertex 34.824 -6.4 24.7265
      vertex 50.55 -6.4 51.394
      vertex 35.1916 -6.4 24.8636
    endloop
  endfacet
  facet normal 0 1 0
    outer loop
      vertex 34.824 -0.849999 19.7235
      vertex 35.6739 -0.849999 21.4536
      vertex 35.1916 -0.849999 19.5864
    endloop
  endfacet
  facet normal -0.349447 0 0.936956
    outer loop
      vertex 34.824 -0.849999 24.7265
      vertex 35.1916 -6.4 24.8636
      vertex 35.1916 -0.849999 24.8636
    endloop
  endfacet
  facet normal 0 1 0
    outer loop
      vertex 34.824 -0.849999 24.7265
      vertex 35.1916 -0.849999 24.8636
      vertex 35.6739 -0.849999 22.9964
    endloop
  endfacet
  facet normal 0 1 0
    outer loop
      vertex 35.1654 -7.6 22.0276
      vertex 35.1654 -7.6 22.4224
      vertex 36.7914 -7.6 22.225
    endloop
  endfacet
  facet normal 1 0 0
    outer loop
      vertex 35.1654 -7.6 22.0276
      vertex 35.1654 -0.849999 22.0276
      vertex 35.1654 -7.6 22.4224
    endloop
  endfacet
  facet normal 0.885494 0 0.46465
    outer loop
      vertex 35.1654 -7.6 22.0276
      vertex 35.3489 -7.6 21.6779
      vertex 35.3489 -0.849999 21.6779
    endloop
  endfacet
  facet normal 0.885494 -0 0.46465
    outer loop
      vertex 35.1654 -7.6 22.0276
      vertex 35.3489 -0.849999 21.6779
      vertex 35.1654 -0.849999 22.0276
    endloop
  endfacet
  facet normal 0 1 0
    outer loop
      vertex 35.1654 -7.6 22.0276
      vertex 36.6969 -7.6 21.8416
      vertex 35.3489 -7.6 21.6779
    endloop
  endfacet
  facet normal 0 1 -0
    outer loop
      vertex 35.1654 -7.6 22.0276
      vertex 36.7914 -7.6 22.225
      vertex 36.6969 -7.6 21.8416
    endloop
  endfacet
  facet normal 1 -0 0
    outer loop
      vertex 35.1654 -7.6 22.4224
      vertex 35.1654 -0.849999 22.0276
      vertex 35.1654 -0.849999 22.4224
    endloop
  endfacet
  facet normal 0.885494 0 -0.46465
    outer loop
      vertex 35.1654 -7.6 22.4224
      vertex 35.1654 -0.849999 22.4224
      vertex 35.3489 -7.6 22.7721
    endloop
  endfacet
  facet normal 0 1 0
    outer loop
      vertex 35.1654 -7.6 22.4224
      vertex 35.3489 -7.6 22.7721
      vertex 36.6969 -7.6 22.6084
    endloop
  endfacet
  facet normal 0 1 0
    outer loop
      vertex 35.1654 -7.6 22.4224
      vertex 36.6969 -7.6 22.6084
      vertex 36.7914 -7.6 22.225
    endloop
  endfacet
  facet normal 0.885494 0 -0.46465
    outer loop
      vertex 35.1654 -0.849999 22.4224
      vertex 35.3489 -0.849999 22.7721
      vertex 35.3489 -7.6 22.7721
    endloop
  endfacet
  facet normal -0.212557 0 -0.977149
    outer loop
      vertex 35.1916 -6.4 19.5864
      vertex 35.1916 -0.849999 19.5864
      vertex 35.575 -0.849999 19.503
    endloop
  endfacet
  facet normal 0 1 0
    outer loop
      vertex 35.1916 -6.4 19.5864
      vertex 35.575 -6.4 19.503
      vertex 50.55 -6.4 14.9352
    endloop
  endfacet
  facet normal -0.212557 0 -0.977149
    outer loop
      vertex 35.1916 -6.4 19.5864
      vertex 35.575 -0.849999 19.503
      vertex 35.575 -6.4 19.503
    endloop
  endfacet
  facet normal -0.212557 0 0.977149
    outer loop
      vertex 35.1916 -6.4 24.8636
      vertex 35.575 -6.4 24.947
      vertex 35.1916 -0.849999 24.8636
    endloop
  endfacet
  facet normal 0 1 0
    outer loop
      vertex 35.1916 -6.4 24.8636
      vertex 50.55 -6.4 51.394
      vertex 35.575 -6.4 24.947
    endloop
  endfacet
  facet normal 0 1 0
    outer loop
      vertex 35.1916 -0.849999 19.5864
      vertex 35.6739 -0.849999 21.4536
      vertex 35.575 -0.849999 19.503
    endloop
  endfacet
  facet normal -0.212557 0 0.977149
    outer loop
      vertex 35.1916 -0.849999 24.8636
      vertex 35.575 -6.4 24.947
      vertex 35.575 -0.849999 24.947
    endloop
  endfacet
  facet normal 0 1 0
    outer loop
      vertex 35.1916 -0.849999 24.8636
      vertex 35.575 -0.849999 24.947
      vertex 35.6739 -0.849999 22.9964
    endloop
  endfacet
  facet normal 0.568011 0 0.823021
    outer loop
      vertex 35.3489 -7.6 21.6779
      vertex 35.6739 -7.6 21.4536
      vertex 35.3489 -0.849999 21.6779
    endloop
  endfacet
  facet normal 0 1 0
    outer loop
      vertex 35.3489 -7.6 21.6779
      vertex 36.4351 -7.6 21.546
      vertex 35.6739 -7.6 21.4536
    endloop
  endfacet
  facet normal 0 1 -0
    outer loop
      vertex 35.3489 -7.6 21.6779
      vertex 36.6969 -7.6 21.8416
      vertex 36.4351 -7.6 21.546
    endloop
  endfacet
  facet normal 0.568011 0 -0.823021
    outer loop
      vertex 35.3489 -7.6 22.7721
      vertex 35.3489 -0.849999 22.7721
      vertex 35.6739 -0.849999 22.9964
    endloop
  endfacet
  facet normal 0 1 0
    outer loop
      vertex 35.3489 -7.6 22.7721
      vertex 35.6739 -7.6 22.9964
      vertex 36.4351 -7.6 22.904
    endloop
  endfacet
  facet normal 0.568011 0 -0.823021
    outer loop
      vertex 35.3489 -7.6 22.7721
      vertex 35.6739 -0.849999 22.9964
      vertex 35.6739 -7.6 22.9964
    endloop
  endfacet
  facet normal 0 1 0
    outer loop
      vertex 35.3489 -7.6 22.7721
      vertex 36.4351 -7.6 22.904
      vertex 36.6969 -7.6 22.6084
    endloop
  endfacet
  facet normal 0.568011 0 0.823021
    outer loop
      vertex 35.3489 -0.849999 21.6779
      vertex 35.6739 -7.6 21.4536
      vertex 35.6739 -0.849999 21.4536
    endloop
  endfacet
  facet normal -0.0713557 0 -0.997451
    outer loop
      vertex 35.575 -6.4 19.503
      vertex 35.575 -0.849999 19.503
      vertex 35.9664 -0.849999 19.475
    endloop
  endfacet
  facet normal 0 1 0
    outer loop
      vertex 35.575 -6.4 19.503
      vertex 35.9664 -6.4 19.475
      vertex 50.55 -6.4 14.9352
    endloop
  endfacet
  facet normal -0.0713557 0 -0.997451
    outer loop
      vertex 35.575 -6.4 19.503
      vertex 35.9664 -0.849999 19.475
      vertex 35.9664 -6.4 19.475
    endloop
  endfacet
  facet normal -0.0713557 0 0.997451
    outer loop
      vertex 35.575 -6.4 24.947
      vertex 35.9664 -6.4 24.975
      vertex 35.575 -0.849999 24.947
    endloop
  endfacet
  facet normal 0 1 0
    outer loop
      vertex 35.575 -6.4 24.947
      vertex 50.55 -6.4 51.394
      vertex 35.9664 -6.4 24.975
    endloop
  endfacet
  facet normal 0 1 0
    outer loop
      vertex 35.575 -0.849999 19.503
      vertex 35.6739 -0.849999 21.4536
      vertex 36.0658 -0.849999 21.406
    endloop
  endfacet
  facet normal 0 1 0
    outer loop
      vertex 35.575 -0.849999 19.503
      vertex 36.0658 -0.849999 21.406
      vertex 35.9664 -0.849999 19.475
    endloop
  endfacet
  facet normal -0.0713557 0 0.997451
    outer loop
      vertex 35.575 -0.849999 24.947
      vertex 35.9664 -6.4 24.975
      vertex 35.9664 -0.849999 24.975
    endloop
  endfacet
  facet normal 0 1 0
    outer loop
      vertex 35.575 -0.849999 24.947
      vertex 35.9664 -0.849999 24.975
      vertex 36.0658 -0.849999 23.044
    endloop
  endfacet
  facet normal 0 1 -0
    outer loop
      vertex 35.575 -0.849999 24.947
      vertex 36.0658 -0.849999 23.044
      vertex 35.6739 -0.849999 22.9964
    endloop
  endfacet
  facet normal 0.120573 0 0.992704
    outer loop
      vertex 35.6739 -7.6 21.4536
      vertex 36.0658 -7.6 21.406
      vertex 35.6739 -0.849999 21.4536
    endloop
  endfacet
  facet normal -0 1 0
    outer loop
      vertex 35.6739 -7.6 21.4536
      vertex 36.4351 -7.6 21.546
      vertex 36.0658 -7.6 21.406
    endloop
  endfacet
  facet normal 0.120573 0 -0.992704
    outer loop
      vertex 35.6739 -7.6 22.9964
      vertex 35.6739 -0.849999 22.9964
      vertex 36.0658 -0.849999 23.044
    endloop
  endfacet
  facet normal 0 1 0
    outer loop
      vertex 35.6739 -7.6 22.9964
      vertex 36.0658 -7.6 23.044
      vertex 36.4351 -7.6 22.904
    endloop
  endfacet
  facet normal 0.120573 0 -0.992704
    outer loop
      vertex 35.6739 -7.6 22.9964
      vertex 36.0658 -0.849999 23.044
      vertex 36.0658 -7.6 23.044
    endloop
  endfacet
  facet normal 0.120573 0 0.992704
    outer loop
      vertex 35.6739 -0.849999 21.4536
      vertex 36.0658 -7.6 21.406
      vertex 36.0658 -0.849999 21.406
    endloop
  endfacet
  facet normal 0.0713557 0 -0.997451
    outer loop
      vertex 35.9664 -6.4 19.475
      vertex 35.9664 -0.849999 19.475
      vertex 36.3578 -0.849999 19.503
    endloop
  endfacet
  facet normal 0 1 0
    outer loop
      vertex 35.9664 -6.4 19.475
      vertex 36.3578 -6.4 19.503
      vertex 50.55 -6.4 14.9352
    endloop
  endfacet
  facet normal 0.0713557 0 -0.997451
    outer loop
      vertex 35.9664 -6.4 19.475
      vertex 36.3578 -0.849999 19.503
      vertex 36.3578 -6.4 19.503
    endloop
  endfacet
  facet normal 0.0713557 0 0.997451
    outer loop
      vertex 35.9664 -6.4 24.975
      vertex 36.3578 -6.4 24.947
      vertex 35.9664 -0.849999 24.975
    endloop
  endfacet
  facet normal 0 1 0
    outer loop
      vertex 35.9664 -6.4 24.975
      vertex 50.55 -6.4 51.394
      vertex 36.3578 -6.4 24.947
    endloop
  endfacet
  facet normal 0 1 0
    outer loop
      vertex 35.9664 -0.849999 19.475
      vertex 36.0658 -0.849999 21.406
      vertex 36.3578 -0.849999 19.503
    endloop
  endfacet
  facet normal 0.0713557 0 0.997451
    outer loop
      vertex 35.9664 -0.849999 24.975
      vertex 36.3578 -6.4 24.947
      vertex 36.3578 -0.849999 24.947
    endloop
  endfacet
  facet normal 0 1 -0
    outer loop
      vertex 35.9664 -0.849999 24.975
      vertex 36.3578 -0.849999 24.947
      vertex 36.0658 -0.849999 23.044
    endloop
  endfacet
  facet normal -0.354479 0 0.935064
    outer loop
      vertex 36.0658 -7.6 21.406
      vertex 36.4351 -7.6 21.546
      vertex 36.0658 -0.849999 21.406
    endloop
  endfacet
  facet normal -0.354479 0 -0.935064
    outer loop
      vertex 36.0658 -7.6 23.044
      vertex 36.0658 -0.849999 23.044
      vertex 36.4351 -0.849999 22.904
    endloop
  endfacet
  facet normal -0.354479 0 -0.935064
    outer loop
      vertex 36.0658 -7.6 23.044
      vertex 36.4351 -0.849999 22.904
      vertex 36.4351 -7.6 22.904
    endloop
  endfacet
  facet normal -0.354479 0 0.935064
    outer loop
      vertex 36.0658 -0.849999 21.406
      vertex 36.4351 -7.6 21.546
      vertex 36.4351 -0.849999 21.546
    endloop
  endfacet
  facet normal 0 1 0
    outer loop
      vertex 36.0658 -0.849999 21.406
      vertex 36.4351 -0.849999 21.546
      vertex 37.1088 -0.849999 19.7235
    endloop
  endfacet
  facet normal 0 1 -0
    outer loop
      vertex 36.0658 -0.849999 21.406
      vertex 36.7412 -0.849999 19.5864
      vertex 36.3578 -0.849999 19.503
    endloop
  endfacet
  facet normal 0 1 -0
    outer loop
      vertex 36.0658 -0.849999 21.406
      vertex 37.1088 -0.849999 19.7235
      vertex 36.7412 -0.849999 19.5864
    endloop
  endfacet
  facet normal 0 1 0
    outer loop
      vertex 36.0658 -0.849999 23.044
      vertex 36.3578 -0.849999 24.947
      vertex 36.7412 -0.849999 24.8636
    endloop
  endfacet
  facet normal 0 1 0
    outer loop
      vertex 36.0658 -0.849999 23.044
      vertex 36.7412 -0.849999 24.8636
      vertex 37.1088 -0.849999 24.7265
    endloop
  endfacet
  facet normal 0 1 0
    outer loop
      vertex 36.0658 -0.849999 23.044
      vertex 37.1088 -0.849999 24.7265
      vertex 36.4351 -0.849999 22.904
    endloop
  endfacet
  facet normal 0.212557 0 -0.977149
    outer loop
      vertex 36.3578 -6.4 19.503
      vertex 36.3578 -0.849999 19.503
      vertex 36.7412 -0.849999 19.5864
    endloop
  endfacet
  facet normal 0 1 0
    outer loop
      vertex 36.3578 -6.4 19.503
      vertex 36.7412 -6.4 19.5864
      vertex 50.55 -6.4 14.9352
    endloop
  endfacet
  facet normal 0.212557 0 -0.977149
    outer loop
      vertex 36.3578 -6.4 19.503
      vertex 36.7412 -0.849999 19.5864
      vertex 36.7412 -6.4 19.5864
    endloop
  endfacet
  facet normal 0.212557 0 0.977149
    outer loop
      vertex 36.3578 -6.4 24.947
      vertex 36.7412 -6.4 24.8636
      vertex 36.3578 -0.849999 24.947
    endloop
  endfacet
  facet normal 0 1 0
    outer loop
      vertex 36.3578 -6.4 24.947
      vertex 50.55 -6.4 51.394
      vertex 36.7412 -6.4 24.8636
    endloop
  endfacet
  facet normal 0.212557 0 0.977149
    outer loop
      vertex 36.3578 -0.849999 24.947
      vertex 36.7412 -6.4 24.8636
      vertex 36.7412 -0.849999 24.8636
    endloop
  endfacet
  facet normal -0.74861 0 0.663011
    outer loop
      vertex 36.4351 -7.6 21.546
      vertex 36.6969 -7.6 21.8416
      vertex 36.6969 -0.849999 21.8416
    endloop
  endfacet
  facet normal -0.74861 0 0.663011
    outer loop
      vertex 36.4351 -7.6 21.546
      vertex 36.6969 -0.849999 21.8416
      vertex 36.4351 -0.849999 21.546
    endloop
  endfacet
  facet normal -0.74861 -0 -0.663011
    outer loop
      vertex 36.4351 -7.6 22.904
      vertex 36.4351 -0.849999 22.904
      vertex 36.6969 -7.6 22.6084
    endloop
  endfacet
  facet normal 0 1 0
    outer loop
      vertex 36.4351 -0.849999 21.546
      vertex 36.6969 -0.849999 21.8416
      vertex 38.0447 -0.849999 20.4241
    endloop
  endfacet
  facet normal 0 1 -0
    outer loop
      vertex 36.4351 -0.849999 21.546
      vertex 37.4532 -0.849999 19.9116
      vertex 37.1088 -0.849999 19.7235
    endloop
  endfacet
  facet normal 0 1 -0
    outer loop
      vertex 36.4351 -0.849999 21.546
      vertex 37.7673 -0.849999 20.1467
      vertex 37.4532 -0.849999 19.9116
    endloop
  endfacet
  facet normal 0 1 -0
    outer loop
      vertex 36.4351 -0.849999 21.546
      vertex 38.0447 -0.849999 20.4241
      vertex 37.7673 -0.849999 20.1467
    endloop
  endfacet
  facet normal -0.74861 0 -0.663011
    outer loop
      vertex 36.4351 -0.849999 22.904
      vertex 36.6969 -0.849999 22.6084
      vertex 36.6969 -7.6 22.6084
    endloop
  endfacet
  facet normal 0 1 0
    outer loop
      vertex 36.4351 -0.849999 22.904
      vertex 37.1088 -0.849999 24.7265
      vertex 37.4532 -0.849999 24.5384
    endloop
  endfacet
  facet normal 0 1 0
    outer loop
      vertex 36.4351 -0.849999 22.904
      vertex 37.4532 -0.849999 24.5384
      vertex 37.7673 -0.849999 24.3033
    endloop
  endfacet
  facet normal 0 1 0
    outer loop
      vertex 36.4351 -0.849999 22.904
      vertex 37.7673 -0.849999 24.3033
      vertex 38.0447 -0.849999 24.0259
    endloop
  endfacet
  facet normal 0 1 0
    outer loop
      vertex 36.4351 -0.849999 22.904
      vertex 38.0447 -0.849999 24.0259
      vertex 36.6969 -0.849999 22.6084
    endloop
  endfacet
  facet normal -0.970942 0 0.239317
    outer loop
      vertex 36.6969 -7.6 21.8416
      vertex 36.7914 -7.6 22.225
      vertex 36.7914 -0.849999 22.225
    endloop
  endfacet
  facet normal -0.970942 0 0.239317
    outer loop
      vertex 36.6969 -7.6 21.8416
      vertex 36.7914 -0.849999 22.225
      vertex 36.6969 -0.849999 21.8416
    endloop
  endfacet
  facet normal -0.970942 -0 -0.239317
    outer loop
      vertex 36.6969 -7.6 22.6084
      vertex 36.6969 -0.849999 22.6084
      vertex 36.7914 -7.6 22.225
    endloop
  endfacet
  facet normal 0 1 0
    outer loop
      vertex 36.6969 -0.849999 21.8416
      vertex 36.7914 -0.849999 22.225
      vertex 38.605 -0.849999 21.4502
    endloop
  endfacet
  facet normal 0 1 -0
    outer loop
      vertex 36.6969 -0.849999 21.8416
      vertex 38.2798 -0.849999 20.7382
      vertex 38.0447 -0.849999 20.4241
    endloop
  endfacet
  facet normal 0 1 -0
    outer loop
      vertex 36.6969 -0.849999 21.8416
      vertex 38.4679 -0.849999 21.0826
      vertex 38.2798 -0.849999 20.7382
    endloop
  endfacet
  facet normal 0 1 -0
    outer loop
      vertex 36.6969 -0.849999 21.8416
      vertex 38.605 -0.849999 21.4502
      vertex 38.4679 -0.849999 21.0826
    endloop
  endfacet
  facet normal -0.970942 0 -0.239317
    outer loop
      vertex 36.6969 -0.849999 22.6084
      vertex 36.7914 -0.849999 22.225
      vertex 36.7914 -7.6 22.225
    endloop
  endfacet
  facet normal 0 1 0
    outer loop
      vertex 36.6969 -0.849999 22.6084
      vertex 38.0447 -0.849999 24.0259
      vertex 38.2798 -0.849999 23.7118
    endloop
  endfacet
  facet normal 0 1 0
    outer loop
      vertex 36.6969 -0.849999 22.6084
      vertex 38.2798 -0.849999 23.7118
      vertex 38.4679 -0.849999 23.3674
    endloop
  endfacet
  facet normal 0 1 0
    outer loop
      vertex 36.6969 -0.849999 22.6084
      vertex 38.4679 -0.849999 23.3674
      vertex 38.605 -0.849999 22.9998
    endloop
  endfacet
  facet normal 0 1 0
    outer loop
      vertex 36.6969 -0.849999 22.6084
      vertex 38.605 -0.849999 22.9998
      vertex 36.7914 -0.849999 22.225
    endloop
  endfacet
  facet normal 0.349447 0 -0.936956
    outer loop
      vertex 36.7412 -6.4 19.5864
      vertex 36.7412 -0.849999 19.5864
      vertex 37.1088 -0.849999 19.7235
    endloop
  endfacet
  facet normal 0 1 0
    outer loop
      vertex 36.7412 -6.4 19.5864
      vertex 37.1088 -6.4 19.7235
      vertex 50.55 -6.4 14.9352
    endloop
  endfacet
  facet normal 0.349447 0 -0.936956
    outer loop
      vertex 36.7412 -6.4 19.5864
      vertex 37.1088 -0.849999 19.7235
      vertex 37.1088 -6.4 19.7235
    endloop
  endfacet
  facet normal 0.349447 0 0.936956
    outer loop
      vertex 36.7412 -6.4 24.8636
      vertex 37.1088 -6.4 24.7265
      vertex 36.7412 -0.849999 24.8636
    endloop
  endfacet
  facet normal 0 1 0
    outer loop
      vertex 36.7412 -6.4 24.8636
      vertex 50.55 -6.4 51.394
      vertex 37.1088 -6.4 24.7265
    endloop
  endfacet
  facet normal 0.349447 0 0.936956
    outer loop
      vertex 36.7412 -0.849999 24.8636
      vertex 37.1088 -6.4 24.7265
      vertex 37.1088 -0.849999 24.7265
    endloop
  endfacet
  facet normal 0 1 0
    outer loop
      vertex 36.7914 -0.849999 22.225
      vertex 38.605 -0.849999 22.9998
      vertex 38.6884 -0.849999 22.6164
    endloop
  endfacet
  facet normal 0 1 -0
    outer loop
      vertex 36.7914 -0.849999 22.225
      vertex 38.6884 -0.849999 21.8336
      vertex 38.605 -0.849999 21.4502
    endloop
  endfacet
  facet normal 0 1 0
    outer loop
      vertex 36.7914 -0.849999 22.225
      vertex 38.6884 -0.849999 22.6164
      vertex 38.7164 -0.849999 22.225
    endloop
  endfacet
  facet normal 0 1 -0
    outer loop
      vertex 36.7914 -0.849999 22.225
      vertex 38.7164 -0.849999 22.225
      vertex 38.6884 -0.849999 21.8336
    endloop
  endfacet
  facet normal 0.479334 0 -0.877632
    outer loop
      vertex 37.1088 -6.4 19.7235
      vertex 37.1088 -0.849999 19.7235
      vertex 37.4532 -0.849999 19.9116
    endloop
  endfacet
  facet normal 0 1 0
    outer loop
      vertex 37.1088 -6.4 19.7235
      vertex 37.4532 -6.4 19.9116
      vertex 50.55 -6.4 14.9352
    endloop
  endfacet
  facet normal 0.479334 0 -0.877632
    outer loop
      vertex 37.1088 -6.4 19.7235
      vertex 37.4532 -0.849999 19.9116
      vertex 37.4532 -6.4 19.9116
    endloop
  endfacet
  facet normal 0.479334 0 0.877632
    outer loop
      vertex 37.1088 -6.4 24.7265
      vertex 37.4532 -6.4 24.5384
      vertex 37.1088 -0.849999 24.7265
    endloop
  endfacet
  facet normal 0 1 0
    outer loop
      vertex 37.1088 -6.4 24.7265
      vertex 50.55 -6.4 51.394
      vertex 37.4532 -6.4 24.5384
    endloop
  endfacet
  facet normal 0.479334 0 0.877632
    outer loop
      vertex 37.1088 -0.849999 24.7265
      vertex 37.4532 -6.4 24.5384
      vertex 37.4532 -0.849999 24.5384
    endloop
  endfacet
  facet normal 0.599225 0 -0.800581
    outer loop
      vertex 37.4532 -6.4 19.9116
      vertex 37.4532 -0.849999 19.9116
      vertex 37.7673 -0.849999 20.1467
    endloop
  endfacet
  facet normal 0 1 0
    outer loop
      vertex 37.4532 -6.4 19.9116
      vertex 37.7673 -6.4 20.1467
      vertex 50.55 -6.4 14.9352
    endloop
  endfacet
  facet normal 0.599225 0 -0.800581
    outer loop
      vertex 37.4532 -6.4 19.9116
      vertex 37.7673 -0.849999 20.1467
      vertex 37.7673 -6.4 20.1467
    endloop
  endfacet
  facet normal 0.599225 0 0.800581
    outer loop
      vertex 37.4532 -6.4 24.5384
      vertex 37.7673 -6.4 24.3033
      vertex 37.4532 -0.849999 24.5384
    endloop
  endfacet
  facet normal 0 1 0
    outer loop
      vertex 37.4532 -6.4 24.5384
      vertex 50.55 -6.4 51.394
      vertex 37.7673 -6.4 24.3033
    endloop
  endfacet
  facet normal 0.599225 0 0.800581
    outer loop
      vertex 37.4532 -0.849999 24.5384
      vertex 37.7673 -6.4 24.3033
      vertex 37.7673 -0.849999 24.3033
    endloop
  endfacet
  facet normal 0.707107 0 -0.707107
    outer loop
      vertex 37.7673 -6.4 20.1467
      vertex 37.7673 -0.849999 20.1467
      vertex 38.0447 -0.849999 20.4241
    endloop
  endfacet
  facet normal 0 1 0
    outer loop
      vertex 37.7673 -6.4 20.1467
      vertex 38.0447 -6.4 20.4241
      vertex 50.55 -6.4 14.9352
    endloop
  endfacet
  facet normal 0.707107 0 -0.707107
    outer loop
      vertex 37.7673 -6.4 20.1467
      vertex 38.0447 -0.849999 20.4241
      vertex 38.0447 -6.4 20.4241
    endloop
  endfacet
  facet normal 0.707107 0 0.707107
    outer loop
      vertex 37.7673 -6.4 24.3033
      vertex 38.0447 -6.4 24.0259
      vertex 37.7673 -0.849999 24.3033
    endloop
  endfacet
  facet normal 0 1 0
    outer loop
      vertex 37.7673 -6.4 24.3033
      vertex 50.55 -6.4 51.394
      vertex 51.05 -6.4 51.3371
    endloop
  endfacet
  facet normal 0 1 0
    outer loop
      vertex 37.7673 -6.4 24.3033
      vertex 51.05 -6.4 51.3371
      vertex 38.0447 -6.4 24.0259
    endloop
  endfacet
  facet normal 0.707107 0 0.707107
    outer loop
      vertex 37.7673 -0.849999 24.3033
      vertex 38.0447 -6.4 24.0259
      vertex 38.0447 -0.849999 24.0259
    endloop
  endfacet
  facet normal 0.800581 0 -0.599225
    outer loop
      vertex 38.0447 -6.4 20.4241
      vertex 38.0447 -0.849999 20.4241
      vertex 38.2798 -6.4 20.7382
    endloop
  endfacet
  facet normal 0 1 0
    outer loop
      vertex 38.0447 -6.4 20.4241
      vertex 38.2798 -6.4 20.7382
      vertex 50.55 -6.4 14.9352
    endloop
  endfacet
  facet normal 0.800581 0 0.599225
    outer loop
      vertex 38.0447 -6.4 24.0259
      vertex 38.2798 -6.4 23.7118
      vertex 38.2798 -0.849999 23.7118
    endloop
  endfacet
  facet normal 0.800581 -0 0.599225
    outer loop
      vertex 38.0447 -6.4 24.0259
      vertex 38.2798 -0.849999 23.7118
      vertex 38.0447 -0.849999 24.0259
    endloop
  endfacet
  facet normal 0 1 0
    outer loop
      vertex 38.0447 -6.4 24.0259
      vertex 51.05 -6.4 51.3371
      vertex 38.2798 -6.4 23.7118
    endloop
  endfacet
  facet normal 0.800581 0 -0.599225
    outer loop
      vertex 38.0447 -0.849999 20.4241
      vertex 38.2798 -0.849999 20.7382
      vertex 38.2798 -6.4 20.7382
    endloop
  endfacet
  facet normal 0.877632 0 -0.479334
    outer loop
      vertex 38.2798 -6.4 20.7382
      vertex 38.2798 -0.849999 20.7382
      vertex 38.4679 -6.4 21.0826
    endloop
  endfacet
  facet normal 0 1 0
    outer loop
      vertex 38.2798 -6.4 20.7382
      vertex 38.4679 -6.4 21.0826
      vertex 50.55 -6.4 14.9352
    endloop
  endfacet
  facet normal 0.877632 0 0.479334
    outer loop
      vertex 38.2798 -6.4 23.7118
      vertex 38.4679 -6.4 23.3674
      vertex 38.4679 -0.849999 23.3674
    endloop
  endfacet
  facet normal 0.877632 -0 0.479334
    outer loop
      vertex 38.2798 -6.4 23.7118
      vertex 38.4679 -0.849999 23.3674
      vertex 38.2798 -0.849999 23.7118
    endloop
  endfacet
  facet normal 0 1 0
    outer loop
      vertex 38.2798 -6.4 23.7118
      vertex 51.05 -6.4 15.4352
      vertex 38.4679 -6.4 23.3674
    endloop
  endfacet
  facet normal 0 1 -0
    outer loop
      vertex 38.2798 -6.4 23.7118
      vertex 51.05 -6.4 51.3371
      vertex 51.05 -6.4 15.4352
    endloop
  endfacet
  facet normal 0.877632 0 -0.479334
    outer loop
      vertex 38.2798 -0.849999 20.7382
      vertex 38.4679 -0.849999 21.0826
      vertex 38.4679 -6.4 21.0826
    endloop
  endfacet
  facet normal 0.936956 0 -0.349447
    outer loop
      vertex 38.4679 -6.4 21.0826
      vertex 38.4679 -0.849999 21.0826
      vertex 38.605 -6.4 21.4502
    endloop
  endfacet
  facet normal 0 1 0
    outer loop
      vertex 38.4679 -6.4 21.0826
      vertex 38.605 -6.4 21.4502
      vertex 50.55 -6.4 14.9352
    endloop
  endfacet
  facet normal 0.936956 0 0.349447
    outer loop
      vertex 38.4679 -6.4 23.3674
      vertex 38.605 -6.4 22.9998
      vertex 38.605 -0.849999 22.9998
    endloop
  endfacet
  facet normal 0.936956 -0 0.349447
    outer loop
      vertex 38.4679 -6.4 23.3674
      vertex 38.605 -0.849999 22.9998
      vertex 38.4679 -0.849999 23.3674
    endloop
  endfacet
  facet normal 0 1 0
    outer loop
      vertex 38.4679 -6.4 23.3674
      vertex 51.05 -6.4 15.4352
      vertex 38.605 -6.4 22.9998
    endloop
  endfacet
  facet normal 0.936956 0 -0.349447
    outer loop
      vertex 38.4679 -0.849999 21.0826
      vertex 38.605 -0.849999 21.4502
      vertex 38.605 -6.4 21.4502
    endloop
  endfacet
  facet normal 0.977149 0 -0.212557
    outer loop
      vertex 38.605 -6.4 21.4502
      vertex 38.605 -0.849999 21.4502
      vertex 38.6884 -6.4 21.8336
    endloop
  endfacet
  facet normal 0 1 0
    outer loop
      vertex 38.605 -6.4 21.4502
      vertex 38.6884 -6.4 21.8336
      vertex 50.55 -6.4 14.9352
    endloop
  endfacet
  facet normal 0.977149 0 0.212557
    outer loop
      vertex 38.605 -6.4 22.9998
      vertex 38.6884 -6.4 22.6164
      vertex 38.6884 -0.849999 22.6164
    endloop
  endfacet
  facet normal 0.977149 -0 0.212557
    outer loop
      vertex 38.605 -6.4 22.9998
      vertex 38.6884 -0.849999 22.6164
      vertex 38.605 -0.849999 22.9998
    endloop
  endfacet
  facet normal 0 1 0
    outer loop
      vertex 38.605 -6.4 22.9998
      vertex 51.05 -6.4 15.4352
      vertex 38.6884 -6.4 22.6164
    endloop
  endfacet
  facet normal 0.977149 0 -0.212557
    outer loop
      vertex 38.605 -0.849999 21.4502
      vertex 38.6884 -0.849999 21.8336
      vertex 38.6884 -6.4 21.8336
    endloop
  endfacet
  facet normal 0.997451 0 -0.0713557
    outer loop
      vertex 38.6884 -6.4 21.8336
      vertex 38.6884 -0.849999 21.8336
      vertex 38.7164 -6.4 22.225
    endloop
  endfacet
  facet normal 0 1 0
    outer loop
      vertex 38.6884 -6.4 21.8336
      vertex 38.7164 -6.4 22.225
      vertex 51.05 -6.4 15.4352
    endloop
  endfacet
  facet normal 0 1 -0
    outer loop
      vertex 38.6884 -6.4 21.8336
      vertex 51.05 -6.4 15.4352
      vertex 50.55 -6.4 14.9352
    endloop
  endfacet
  facet normal 0.997451 0 0.0713557
    outer loop
      vertex 38.6884 -6.4 22.6164
      vertex 38.7164 -6.4 22.225
      vertex 38.7164 -0.849999 22.225
    endloop
  endfacet
  facet normal 0.997451 -0 0.0713557
    outer loop
      vertex 38.6884 -6.4 22.6164
      vertex 38.7164 -0.849999 22.225
      vertex 38.6884 -0.849999 22.6164
    endloop
  endfacet
  facet normal 0 1 0
    outer loop
      vertex 38.6884 -6.4 22.6164
      vertex 51.05 -6.4 15.4352
      vertex 38.7164 -6.4 22.225
    endloop
  endfacet
  facet normal 0.997451 0 -0.0713557
    outer loop
      vertex 38.6884 -0.849999 21.8336
      vertex 38.7164 -0.849999 22.225
      vertex 38.7164 -6.4 22.225
    endloop
  endfacet
  facet normal -1 -0 0
    outer loop
      vertex 46.9098 -0.849999 12.7
      vertex 46.9098 -0.849999 14.6852
      vertex 46.9098 0 14.6852
    endloop
  endfacet
  facet normal -0 0 -1
    outer loop
      vertex 46.9098 -0.849999 12.7
      vertex 46.9098 0 12.7
      vertex 50.65 0 12.7
    endloop
  endfacet
  facet normal -1 0 0
    outer loop
      vertex 46.9098 -0.849999 12.7
      vertex 46.9098 0 14.6852
      vertex 46.9098 0 12.7
    endloop
  endfacet
  facet normal 0 0 -1
    outer loop
      vertex 46.9098 -0.849999 12.7
      vertex 50.65 0 12.7
      vertex 50.65 -5 12.7
    endloop
  endfacet
  facet normal 0 0 1
    outer loop
      vertex 46.9098 -0.849999 14.6852
      vertex 49.8602 -0.849999 14.6852
      vertex 46.9098 0 14.6852
    endloop
  endfacet
  facet normal 0 1 0
    outer loop
      vertex 46.9098 -0.849999 14.6852
      vertex 50.1102 -0.849999 14.9352
      vertex 49.8602 -0.849999 14.6852
    endloop
  endfacet
  facet normal 0 1 0
    outer loop
      vertex 46.9098 0 12.7
      vertex 46.9098 0 14.6852
      vertex 49.8602 0 14.6852
    endloop
  endfacet
  facet normal 0 1 0
    outer loop
      vertex 46.9098 0 12.7
      vertex 49.8602 0 14.6852
      vertex 50.65 0 12.7
    endloop
  endfacet
  facet normal -0 0 1
    outer loop
      vertex 46.9098 0 14.6852
      vertex 49.8602 -0.849999 14.6852
      vertex 49.8602 0 14.6852
    endloop
  endfacet
  facet normal -0.707107 0 0.707107
    outer loop
      vertex 49.8602 -0.849999 14.6852
      vertex 50.1102 -0.849999 14.9352
      vertex 50.1102 0 14.9352
    endloop
  endfacet
  facet normal -0.707107 0 0.707107
    outer loop
      vertex 49.8602 -0.849999 14.6852
      vertex 50.1102 0 14.9352
      vertex 49.8602 0 14.6852
    endloop
  endfacet
  facet normal 0 1 0
    outer loop
      vertex 49.8602 0 14.6852
      vertex 50.1102 0 14.9352
      vertex 50.55 0 14.9352
    endloop
  endfacet
  facet normal 0 1 0
    outer loop
      vertex 49.8602 0 14.6852
      vertex 50.55 0 14.9352
      vertex 50.65 0 12.7
    endloop
  endfacet
  facet normal 0 0 1
    outer loop
      vertex 50.1102 -0.849999 14.9352
      vertex 50.55 -6.4 14.9352
      vertex 50.55 0 14.9352
    endloop
  endfacet
  facet normal 0 0 1
    outer loop
      vertex 50.1102 -0.849999 14.9352
      vertex 50.55 0 14.9352
      vertex 50.1102 0 14.9352
    endloop
  endfacet
  facet normal 0.0785092 0 0.996913
    outer loop
      vertex 50.55 -8.4 51.394
      vertex 50.9411 -8.4 51.3632
      vertex 50.55 -6.4 51.394
    endloop
  endfacet
  facet normal -0 -1 -0
    outer loop
      vertex 50.55 -8.4 51.394
      vertex 53.05 -8.4 -5.995
      vertex 53.05 -8.4 48.894
    endloop
  endfacet
  facet normal 0 -1 0
    outer loop
      vertex 50.55 -8.4 51.394
      vertex 53.05 -8.4 48.894
      vertex 50.9411 -8.4 51.3632
    endloop
  endfacet
  facet normal -0.382852 0 0.92381
    outer loop
      vertex 50.55 -6.4 14.9352
      vertex 50.9035 -6.4 15.0817
      vertex 50.55 0 14.9352
    endloop
  endfacet
  facet normal 0 1 0
    outer loop
      vertex 50.55 -6.4 14.9352
      vertex 51.05 -6.4 15.4352
      vertex 50.9035 -6.4 15.0817
    endloop
  endfacet
  facet normal 0.0785092 0 0.996913
    outer loop
      vertex 50.55 -6.4 51.394
      vertex 50.9411 -8.4 51.3632
      vertex 50.9411 -6.4 51.3632
    endloop
  endfacet
  facet normal 0 1 0
    outer loop
      vertex 50.55 -6.4 51.394
      vertex 50.9411 -6.4 51.3632
      vertex 51.05 -6.4 51.3371
    endloop
  endfacet
  facet normal -0.382852 0 0.92381
    outer loop
      vertex 50.55 0 14.9352
      vertex 50.9035 -6.4 15.0817
      vertex 50.9035 0 15.0817
    endloop
  endfacet
  facet normal 0 1 0
    outer loop
      vertex 50.55 0 14.9352
      vertex 50.9035 0 15.0817
      vertex 50.65 0 12.7
    endloop
  endfacet
  facet normal -1 0 0
    outer loop
      vertex 50.65 -5 -7
      vertex 50.65 -5 12.7
      vertex 50.65 -1.35 -5.85001
    endloop
  endfacet
  facet normal -0 0 -1
    outer loop
      vertex 50.65 -5 -7
      vertex 50.65 -1.35 -7
      vertex 52.05 -1.35 -7
    endloop
  endfacet
  facet normal -1 0 0
    outer loop
      vertex 50.65 -5 -7
      vertex 50.65 -1.35 -5.85001
      vertex 50.65 -1.35 -7
    endloop
  endfacet
  facet normal 0 0 -1
    outer loop
      vertex 50.65 -5 -7
      vertex 52.05 -1.35 -7
      vertex 52.05 -7.4 -7
    endloop
  endfacet
  facet normal -1 0 0
    outer loop
      vertex 50.65 -5 12.7
      vertex 50.65 0 12.7
      vertex 50.65 -1.35 -5.85001
    endloop
  endfacet
  facet normal 0 1 0
    outer loop
      vertex 50.65 -1.35 -7
      vertex 50.65 -1.35 -5.85001
      vertex 51.9 -1.35 -5.85001
    endloop
  endfacet
  facet normal 0 1 0
    outer loop
      vertex 50.65 -1.35 -7
      vertex 51.9 -1.35 -5.85001
      vertex 52.05 -1.35 -7
    endloop
  endfacet
  facet normal -0 0 -1
    outer loop
      vertex 50.65 -1.35 -5.85001
      vertex 50.65 0 -5.85001
      vertex 51.9 0 -5.85001
    endloop
  endfacet
  facet normal -1 0 0
    outer loop
      vertex 50.65 -1.35 -5.85001
      vertex 50.65 0 12.7
      vertex 50.65 0 -5.85001
    endloop
  endfacet
  facet normal 0 0 -1
    outer loop
      vertex 50.65 -1.35 -5.85001
      vertex 51.9 0 -5.85001
      vertex 51.9 -1.35 -5.85001
    endloop
  endfacet
  facet normal 0 1 0
    outer loop
      vertex 50.65 0 -5.85001
      vertex 50.65 0 12.7
      vertex 51.9 0 -5.85001
    endloop
  endfacet
  facet normal 0 1 0
    outer loop
      vertex 50.65 0 12.7
      vertex 50.9035 0 15.0817
      vertex 51.05 0 15.4352
    endloop
  endfacet
  facet normal 0 1 0
    outer loop
      vertex 50.65 0 12.7
      vertex 51.05 0 15.4352
      vertex 51.9 0 -5.85001
    endloop
  endfacet
  facet normal -0.92381 0 0.382852
    outer loop
      vertex 50.9035 -6.4 15.0817
      vertex 51.05 -6.4 15.4352
      vertex 51.05 0 15.4352
    endloop
  endfacet
  facet normal -0.92381 0 0.382852
    outer loop
      vertex 50.9035 -6.4 15.0817
      vertex 51.05 0 15.4352
      vertex 50.9035 0 15.0817
    endloop
  endfacet
  facet normal 0.233069 -0 0.97246
    outer loop
      vertex 50.9411 -8.4 51.3632
      vertex 51.05 -6.4 51.3371
      vertex 50.9411 -6.4 51.3632
    endloop
  endfacet
  facet normal 0.233527 -2.63865e-05 0.97235
    outer loop
      vertex 50.9411 -8.4 51.3632
      vertex 51.3225 -8.4 51.2716
      vertex 51.05 -6.4 51.3371
    endloop
  endfacet
  facet normal 0 -1 0
    outer loop
      vertex 50.9411 -8.4 51.3632
      vertex 53.05 -8.4 48.894
      vertex 51.3225 -8.4 51.2716
    endloop
  endfacet
  facet normal -1 0 0
    outer loop
      vertex 51.05 -6.4 15.4352
      vertex 51.05 -6.4 51.3371
      vertex 51.05 -1.35 50.1398
    endloop
  endfacet
  facet normal -1 0 0
    outer loop
      vertex 51.05 -6.4 15.4352
      vertex 51.05 -1.35 50.1398
      vertex 51.05 0 15.4352
    endloop
  endfacet
  facet normal -1 0 0
    outer loop
      vertex 51.05 -6.4 51.3371
      vertex 51.05 -1.35 51.3371
      vertex 51.05 -1.35 50.1398
    endloop
  endfacet
  facet normal 0.23371 0 0.972306
    outer loop
      vertex 51.05 -6.4 51.3371
      vertex 51.3225 -8.4 51.2716
      vertex 51.3225 -1.35 51.2716
    endloop
  endfacet
  facet normal 0.23371 -0 0.972306
    outer loop
      vertex 51.05 -6.4 51.3371
      vertex 51.3225 -1.35 51.2716
      vertex 51.05 -1.35 51.3371
    endloop
  endfacet
  facet normal 0 1 0
    outer loop
      vertex 51.05 -1.35 50.1398
      vertex 51.05 -1.35 51.3371
      vertex 51.3225 -1.35 51.2716
    endloop
  endfacet
  facet normal -1 0 0
    outer loop
      vertex 51.05 -1.35 50.1398
      vertex 51.05 0 50.1398
      vertex 51.05 0 15.4352
    endloop
  endfacet
  facet normal 0.382669 0 0.923885
    outer loop
      vertex 51.05 -1.35 50.1398
      vertex 51.1613 -1.35 50.0937
      vertex 51.05 0 50.1398
    endloop
  endfacet
  facet normal 0 1 0
    outer loop
      vertex 51.05 -1.35 50.1398
      vertex 51.3225 -1.35 51.2716
      vertex 51.685 -1.35 51.1215
    endloop
  endfacet
  facet normal -0 1 0
    outer loop
      vertex 51.05 -1.35 50.1398
      vertex 51.685 -1.35 51.1215
      vertex 51.1613 -1.35 50.0937
    endloop
  endfacet
  facet normal 0 1 0
    outer loop
      vertex 51.05 0 15.4352
      vertex 51.05 0 50.1398
      vertex 51.9 0 48.8487
    endloop
  endfacet
  facet normal 0 1 -0
    outer loop
      vertex 51.05 0 15.4352
      vertex 51.9 0 48.8487
      vertex 51.9 0 -5.85001
    endloop
  endfacet
  facet normal 0.382669 0 0.923885
    outer loop
      vertex 51.05 0 50.1398
      vertex 51.1613 -1.35 50.0937
      vertex 51.1613 0 50.0937
    endloop
  endfacet
  facet normal 0 1 0
    outer loop
      vertex 51.05 0 50.1398
      vertex 51.1613 0 50.0937
      vertex 51.3414 0 49.9833
    endloop
  endfacet
  facet normal 0 1 0
    outer loop
      vertex 51.05 0 50.1398
      vertex 51.3414 0 49.9833
      vertex 51.5021 0 49.8461
    endloop
  endfacet
  facet normal 0 1 0
    outer loop
      vertex 51.05 0 50.1398
      vertex 51.5021 0 49.8461
      vertex 51.6393 0 49.6854
    endloop
  endfacet
  facet normal 0 1 0
    outer loop
      vertex 51.05 0 50.1398
      vertex 51.6393 0 49.6854
      vertex 51.7497 0 49.5053
    endloop
  endfacet
  facet normal 0 1 0
    outer loop
      vertex 51.05 0 50.1398
      vertex 51.7497 0 49.5053
      vertex 51.8305 0 49.3101
    endloop
  endfacet
  facet normal 0 1 0
    outer loop
      vertex 51.05 0 50.1398
      vertex 51.8305 0 49.3101
      vertex 51.8799 0 49.1046
    endloop
  endfacet
  facet normal 0 1 0
    outer loop
      vertex 51.05 0 50.1398
      vertex 51.8799 0 49.1046
      vertex 51.9 0 48.8487
    endloop
  endfacet
  facet normal 0.522618 0 0.852567
    outer loop
      vertex 51.1613 -1.35 50.0937
      vertex 51.3414 -1.35 49.9833
      vertex 51.1613 0 50.0937
    endloop
  endfacet
  facet normal 0 1 0
    outer loop
      vertex 51.1613 -1.35 50.0937
      vertex 51.685 -1.35 51.1215
      vertex 52.0195 -1.35 50.9165
    endloop
  endfacet
  facet normal 0 1 0
    outer loop
      vertex 51.1613 -1.35 50.0937
      vertex 52.0195 -1.35 50.9165
      vertex 51.3414 -1.35 49.9833
    endloop
  endfacet
  facet normal 0.522618 0 0.852567
    outer loop
      vertex 51.1613 0 50.0937
      vertex 51.3414 -1.35 49.9833
      vertex 51.3414 0 49.9833
    endloop
  endfacet
  facet normal 0.382569 0 0.923927
    outer loop
      vertex 51.3225 -8.4 51.2716
      vertex 51.685 -8.4 51.1215
      vertex 51.3225 -1.35 51.2716
    endloop
  endfacet
  facet normal 0 -1 0
    outer loop
      vertex 51.3225 -8.4 51.2716
      vertex 53.05 -8.4 48.894
      vertex 51.685 -8.4 51.1215
    endloop
  endfacet
  facet normal 0.382569 0 0.923927
    outer loop
      vertex 51.3225 -1.35 51.2716
      vertex 51.685 -8.4 51.1215
      vertex 51.685 -1.35 51.1215
    endloop
  endfacet
  facet normal 0.649309 0 0.760525
    outer loop
      vertex 51.3414 -1.35 49.9833
      vertex 51.5021 -1.35 49.8461
      vertex 51.3414 0 49.9833
    endloop
  endfacet
  facet normal 0 1 0
    outer loop
      vertex 51.3414 -1.35 49.9833
      vertex 52.0195 -1.35 50.9165
      vertex 52.3177 -1.35 50.6617
    endloop
  endfacet
  facet normal 0 1 0
    outer loop
      vertex 51.3414 -1.35 49.9833
      vertex 52.3177 -1.35 50.6617
      vertex 51.5021 -1.35 49.8461
    endloop
  endfacet
  facet normal 0.649309 0 0.760525
    outer loop
      vertex 51.3414 0 49.9833
      vertex 51.5021 -1.35 49.8461
      vertex 51.5021 0 49.8461
    endloop
  endfacet
  facet normal 0.760525 0 0.649309
    outer loop
      vertex 51.5021 -1.35 49.8461
      vertex 51.6393 -1.35 49.6854
      vertex 51.6393 0 49.6854
    endloop
  endfacet
  facet normal 0.760525 -0 0.649309
    outer loop
      vertex 51.5021 -1.35 49.8461
      vertex 51.6393 0 49.6854
      vertex 51.5021 0 49.8461
    endloop
  endfacet
  facet normal 0 1 0
    outer loop
      vertex 51.5021 -1.35 49.8461
      vertex 52.3177 -1.35 50.6617
      vertex 52.5725 -1.35 50.3634
    endloop
  endfacet
  facet normal 0 1 0
    outer loop
      vertex 51.5021 -1.35 49.8461
      vertex 52.5725 -1.35 50.3634
      vertex 51.6393 -1.35 49.6854
    endloop
  endfacet
  facet normal 0.852567 0 0.522618
    outer loop
      vertex 51.6393 -1.35 49.6854
      vertex 51.7497 -1.35 49.5053
      vertex 51.7497 0 49.5053
    endloop
  endfacet
  facet normal 0.852567 -0 0.522618
    outer loop
      vertex 51.6393 -1.35 49.6854
      vertex 51.7497 0 49.5053
      vertex 51.6393 0 49.6854
    endloop
  endfacet
  facet normal 0 1 0
    outer loop
      vertex 51.6393 -1.35 49.6854
      vertex 52.5725 -1.35 50.3634
      vertex 52.7775 -1.35 50.029
    endloop
  endfacet
  facet normal 0 1 0
    outer loop
      vertex 51.6393 -1.35 49.6854
      vertex 52.7775 -1.35 50.029
      vertex 51.7497 -1.35 49.5053
    endloop
  endfacet
  facet normal 0.522532 0 0.85262
    outer loop
      vertex 51.685 -8.4 51.1215
      vertex 52.0195 -8.4 50.9165
      vertex 51.685 -1.35 51.1215
    endloop
  endfacet
  facet normal 0 -1 0
    outer loop
      vertex 51.685 -8.4 51.1215
      vertex 53.05 -8.4 48.894
      vertex 52.0195 -8.4 50.9165
    endloop
  endfacet
  facet normal 0.522532 0 0.85262
    outer loop
      vertex 51.685 -1.35 51.1215
      vertex 52.0195 -8.4 50.9165
      vertex 52.0195 -1.35 50.9165
    endloop
  endfacet
  facet normal 0.923971 0 0.382463
    outer loop
      vertex 51.7497 -1.35 49.5053
      vertex 51.8305 -1.35 49.3101
      vertex 51.8305 0 49.3101
    endloop
  endfacet
  facet normal 0.923971 -0 0.382463
    outer loop
      vertex 51.7497 -1.35 49.5053
      vertex 51.8305 0 49.3101
      vertex 51.7497 0 49.5053
    endloop
  endfacet
  facet normal 0 1 0
    outer loop
      vertex 51.7497 -1.35 49.5053
      vertex 52.7775 -1.35 50.029
      vertex 52.9276 -1.35 49.6665
    endloop
  endfacet
  facet normal 0 1 0
    outer loop
      vertex 51.7497 -1.35 49.5053
      vertex 52.9276 -1.35 49.6665
      vertex 51.8305 -1.35 49.3101
    endloop
  endfacet
  facet normal 0.972301 0 0.233731
    outer loop
      vertex 51.8305 -1.35 49.3101
      vertex 51.8799 -1.35 49.1046
      vertex 51.8799 0 49.1046
    endloop
  endfacet
  facet normal 0.972301 -0 0.233731
    outer loop
      vertex 51.8305 -1.35 49.3101
      vertex 51.8799 0 49.1046
      vertex 51.8305 0 49.3101
    endloop
  endfacet
  facet normal 0 1 0
    outer loop
      vertex 51.8305 -1.35 49.3101
      vertex 52.9276 -1.35 49.6665
      vertex 53.0192 -1.35 49.2851
    endloop
  endfacet
  facet normal 0 1 0
    outer loop
      vertex 51.8305 -1.35 49.3101
      vertex 53.0192 -1.35 49.2851
      vertex 51.8799 -1.35 49.1046
    endloop
  endfacet
  facet normal 0.996929 0 0.0783051
    outer loop
      vertex 51.8799 -1.35 49.1046
      vertex 51.9 -1.35 48.8487
      vertex 51.9 0 48.8487
    endloop
  endfacet
  facet normal 0.996929 -0 0.0783051
    outer loop
      vertex 51.8799 -1.35 49.1046
      vertex 51.9 0 48.8487
      vertex 51.8799 0 49.1046
    endloop
  endfacet
  facet normal 0 1 0
    outer loop
      vertex 51.8799 -1.35 49.1046
      vertex 53.0192 -1.35 49.2851
      vertex 53.05 -1.35 48.894
    endloop
  endfacet
  facet normal 0 1 0
    outer loop
      vertex 51.8799 -1.35 49.1046
      vertex 53.05 -1.35 48.894
      vertex 51.9 -1.35 48.8487
    endloop
  endfacet
  facet normal 0 1 0
    outer loop
      vertex 51.9 -1.35 -5.85001
      vertex 51.9 -1.35 48.8487
      vertex 53.05 -1.35 48.894
    endloop
  endfacet
  facet normal 1 0 0
    outer loop
      vertex 51.9 -1.35 -5.85001
      vertex 51.9 0 -5.85001
      vertex 51.9 -1.35 48.8487
    endloop
  endfacet
  facet normal 0 1 0
    outer loop
      vertex 51.9 -1.35 -5.85001
      vertex 53.05 -1.35 -6.00501
      vertex 52.05 -1.35 -7
    endloop
  endfacet
  facet normal 0 1 -0
    outer loop
      vertex 51.9 -1.35 -5.85001
      vertex 53.05 -1.35 -5.995
      vertex 53.05 -1.35 -6.00501
    endloop
  endfacet
  facet normal 0 1 -0
    outer loop
      vertex 51.9 -1.35 -5.85001
      vertex 53.05 -1.35 48.894
      vertex 53.05 -1.35 -5.995
    endloop
  endfacet
  facet normal 1 -0 0
    outer loop
      vertex 51.9 -1.35 48.8487
      vertex 51.9 0 -5.85001
      vertex 51.9 0 48.8487
    endloop
  endfacet
  facet normal 0.649615 0 0.760263
    outer loop
      vertex 52.0195 -8.4 50.9165
      vertex 52.3177 -8.4 50.6617
      vertex 52.0195 -1.35 50.9165
    endloop
  endfacet
  facet normal 0 -1 0
    outer loop
      vertex 52.0195 -8.4 50.9165
      vertex 53.05 -8.4 48.894
      vertex 52.3177 -8.4 50.6617
    endloop
  endfacet
  facet normal 0.649615 0 0.760263
    outer loop
      vertex 52.0195 -1.35 50.9165
      vertex 52.3177 -8.4 50.6617
      vertex 52.3177 -1.35 50.6617
    endloop
  endfacet
  facet normal 0.705329 0 -0.70888
    outer loop
      vertex 52.05 -7.4 -7
      vertex 52.05 -1.35 -7
      vertex 53.05 -1.35 -6.00501
    endloop
  endfacet
  facet normal 0.705332 -1.0055e-06 -0.708877
    outer loop
      vertex 52.05 -7.4 -7
      vertex 53.05 -1.35 -6.00501
      vertex 53.05 -8.4 -6.005
    endloop
  endfacet
  facet normal 0.760371 0 0.649489
    outer loop
      vertex 52.3177 -8.4 50.6617
      vertex 52.5725 -8.4 50.3634
      vertex 52.5725 -1.35 50.3634
    endloop
  endfacet
  facet normal 0.760371 -0 0.649489
    outer loop
      vertex 52.3177 -8.4 50.6617
      vertex 52.5725 -1.35 50.3634
      vertex 52.3177 -1.35 50.6617
    endloop
  endfacet
  facet normal 0 -1 0
    outer loop
      vertex 52.3177 -8.4 50.6617
      vertex 53.05 -8.4 48.894
      vertex 52.5725 -8.4 50.3634
    endloop
  endfacet
  facet normal 0.85255 0 0.522646
    outer loop
      vertex 52.5725 -8.4 50.3634
      vertex 52.7775 -8.4 50.029
      vertex 52.7775 -1.35 50.029
    endloop
  endfacet
  facet normal 0.85255 -0 0.522646
    outer loop
      vertex 52.5725 -8.4 50.3634
      vertex 52.7775 -1.35 50.029
      vertex 52.5725 -1.35 50.3634
    endloop
  endfacet
  facet normal 0 -1 0
    outer loop
      vertex 52.5725 -8.4 50.3634
      vertex 53.05 -8.4 48.894
      vertex 52.7775 -8.4 50.029
    endloop
  endfacet
  facet normal 0.923927 0 0.382569
    outer loop
      vertex 52.7775 -8.4 50.029
      vertex 52.9276 -8.4 49.6665
      vertex 52.9276 -1.35 49.6665
    endloop
  endfacet
  facet normal 0.923927 -0 0.382569
    outer loop
      vertex 52.7775 -8.4 50.029
      vertex 52.9276 -1.35 49.6665
      vertex 52.7775 -1.35 50.029
    endloop
  endfacet
  facet normal 0 -1 0
    outer loop
      vertex 52.7775 -8.4 50.029
      vertex 53.05 -8.4 48.894
      vertex 52.9276 -8.4 49.6665
    endloop
  endfacet
  facet normal 0.97235 0 0.233527
    outer loop
      vertex 52.9276 -8.4 49.6665
      vertex 53.0192 -8.4 49.2851
      vertex 53.0192 -1.35 49.2851
    endloop
  endfacet
  facet normal 0.97235 -0 0.233527
    outer loop
      vertex 52.9276 -8.4 49.6665
      vertex 53.0192 -1.35 49.2851
      vertex 52.9276 -1.35 49.6665
    endloop
  endfacet
  facet normal 0 -1 0
    outer loop
      vertex 52.9276 -8.4 49.6665
      vertex 53.05 -8.4 48.894
      vertex 53.0192 -8.4 49.2851
    endloop
  endfacet
  facet normal 0.996913 0 0.0785092
    outer loop
      vertex 53.0192 -8.4 49.2851
      vertex 53.05 -8.4 48.894
      vertex 53.05 -1.35 48.894
    endloop
  endfacet
  facet normal 0.996913 -0 0.0785092
    outer loop
      vertex 53.0192 -8.4 49.2851
      vertex 53.05 -1.35 48.894
      vertex 53.0192 -1.35 49.2851
    endloop
  endfacet
  facet normal 1 -0 0
    outer loop
      vertex 53.05 -8.4 -6.005
      vertex 53.05 -1.35 -6.00501
      vertex 53.05 0 -6.005
    endloop
  endfacet
  facet normal 1 0 0
    outer loop
      vertex 53.05 -8.4 -6.005
      vertex 53.05 0 -6.005
      vertex 53.05 -8.4 -5.995
    endloop
  endfacet
  facet normal 1 0 0
    outer loop
      vertex 53.05 -8.4 -5.995
      vertex 53.05 -1.35 -5.995
      vertex 53.05 -8.4 48.894
    endloop
  endfacet
  facet normal 1 -0 0
    outer loop
      vertex 53.05 -8.4 -5.995
      vertex 53.05 0 -6.005
      vertex 53.05 0 -5.995
    endloop
  endfacet
  facet normal 0 0 0
    outer loop
      vertex 53.05 -8.4 -5.995
      vertex 53.05 0 -5.995
      vertex 53.05 -1.35 -5.995
    endloop
  endfacet
  facet normal 1 -0 0
    outer loop
      vertex 53.05 -8.4 48.894
      vertex 53.05 -1.35 -5.995
      vertex 53.05 -1.35 48.894
    endloop
  endfacet
  facet normal -1 -0 0
    outer loop
      vertex 53.05 -1.35 -6.00501
      vertex 53.05 -1.35 -5.995
      vertex 53.05 0 -5.995
    endloop
  endfacet
  facet normal 1 0 0
    outer loop
      vertex 53.05 -1.35 -6.00501
      vertex 53.05 0 -6.00501
      vertex 53.05 0 -6.005
    endloop
  endfacet
  facet normal -1 0 0
    outer loop
      vertex 53.05 -1.35 -6.00501
      vertex 53.05 0 -5.995
      vertex 53.05 0 -6.00501
    endloop
  endfacet
  facet normal 0 0 0
    outer loop
      vertex 53.05 0 -6.00501
      vertex 53.05 0 -5.995
      vertex 53.05 0 -6.005
    endloop
  endfacet
endsolid OpenSCAD_Model
