solid OpenSCAD_Model
  facet normal -1 0 0
    outer loop
      vertex -53.05 -1.2 -6.00501
      vertex -53.05 -1.2 48.894
      vertex -53.05 0 -5.995
    endloop
  endfacet
  facet normal -0.705329 -0 -0.70888
    outer loop
      vertex -53.05 -1.2 -6.00501
      vertex -53.05 0 -6.00501
      vertex -52.05 -1.2 -7
    endloop
  endfacet
  facet normal -1 0 0
    outer loop
      vertex -53.05 -1.2 -6.00501
      vertex -53.05 0 -5.995
      vertex -53.05 0 -6.00501
    endloop
  endfacet
  facet normal 0 -1 0
    outer loop
      vertex -53.05 -1.2 -6.00501
      vertex -52.05 -1.2 -7
      vertex -52.05 -1.2 -6
    endloop
  endfacet
  facet normal 0 -1 -0
    outer loop
      vertex -53.05 -1.2 -6.00501
      vertex -52.05 -1.2 -6
      vertex -52.05 -1.2 48.8547
    endloop
  endfacet
  facet normal 0 -1 0
    outer loop
      vertex -53.05 -1.2 -6.00501
      vertex -52.05 -1.2 48.8547
      vertex -53.05 -1.2 48.894
    endloop
  endfacet
  facet normal -1 0 0
    outer loop
      vertex -53.05 -1.2 48.894
      vertex -53.05 8.4 48.894
      vertex -53.05 0 -5.995
    endloop
  endfacet
  facet normal -0.996913 0 0.0785092
    outer loop
      vertex -53.05 -1.2 48.894
      vertex -53.0192 -1.2 49.2851
      vertex -53.0192 8.4 49.2851
    endloop
  endfacet
  facet normal -0.996913 0 0.0785092
    outer loop
      vertex -53.05 -1.2 48.894
      vertex -53.0192 8.4 49.2851
      vertex -53.05 8.4 48.894
    endloop
  endfacet
  facet normal 0 -1 0
    outer loop
      vertex -53.05 -1.2 48.894
      vertex -52.05 -1.2 48.8547
      vertex -52.0285 -1.2 49.1281
    endloop
  endfacet
  facet normal 0 -1 0
    outer loop
      vertex -53.05 -1.2 48.894
      vertex -52.0285 -1.2 49.1281
      vertex -53.0192 -1.2 49.2851
    endloop
  endfacet
  facet normal -0.990992 0.133918 0
    outer loop
      vertex -53.05 0 -6.00501
      vertex -53.05 0 -6.005
      vertex -52.05 7.4 -7
    endloop
  endfacet
  facet normal 0 0 0
    outer loop
      vertex -53.05 0 -6.00501
      vertex -53.05 0 -5.995
      vertex -53.05 0 -6.005
    endloop
  endfacet
  facet normal -0.705329 0 -0.70888
    outer loop
      vertex -53.05 0 -6.00501
      vertex -52.05 7.4 -7
      vertex -52.05 -1.2 -7
    endloop
  endfacet
  facet normal -1 -0 0
    outer loop
      vertex -53.05 0 -6.005
      vertex -53.05 0 -5.995
      vertex -53.05 8.4 -5.995
    endloop
  endfacet
  facet normal -0.705332 0 -0.708877
    outer loop
      vertex -53.05 0 -6.005
      vertex -53.05 8.4 -6.005
      vertex -52.05 7.4 -7
    endloop
  endfacet
  facet normal -1 0 0
    outer loop
      vertex -53.05 0 -6.005
      vertex -53.05 8.4 -5.995
      vertex -53.05 8.4 -6.005
    endloop
  endfacet
  facet normal -1 0 0
    outer loop
      vertex -53.05 0 -5.995
      vertex -53.05 8.4 48.894
      vertex -53.05 8.4 -5.995
    endloop
  endfacet
  facet normal 0 1 0
    outer loop
      vertex -53.05 8.4 -6.005
      vertex -53.05 8.4 -5.995
      vertex 53.05 8.4 -6.005
    endloop
  endfacet
  facet normal 0 0.705332 -0.708877
    outer loop
      vertex -53.05 8.4 -6.005
      vertex 53.05 8.4 -6.005
      vertex -52.05 7.4 -7
    endloop
  endfacet
  facet normal 0 1 0
    outer loop
      vertex -53.05 8.4 -5.995
      vertex -53.05 8.4 48.894
      vertex -36.4678 8.4 22.225
    endloop
  endfacet
  facet normal 0 1 0
    outer loop
      vertex -53.05 8.4 -5.995
      vertex -36.4678 8.4 22.225
      vertex -36.4294 8.4 21.8348
    endloop
  endfacet
  facet normal 0 1 0
    outer loop
      vertex -53.05 8.4 -5.995
      vertex -36.4294 8.4 21.8348
      vertex -36.3156 8.4 21.4596
    endloop
  endfacet
  facet normal 0 1 0
    outer loop
      vertex -53.05 8.4 -5.995
      vertex -36.3156 8.4 21.4596
      vertex -36.1307 8.4 21.1139
    endloop
  endfacet
  facet normal 0 1 0
    outer loop
      vertex -53.05 8.4 -5.995
      vertex -36.1307 8.4 21.1139
      vertex -35.882 8.4 20.8108
    endloop
  endfacet
  facet normal 0 1 0
    outer loop
      vertex -53.05 8.4 -5.995
      vertex -35.882 8.4 20.8108
      vertex -35.5789 8.4 20.5621
    endloop
  endfacet
  facet normal 0 1 0
    outer loop
      vertex -53.05 8.4 -5.995
      vertex -35.5789 8.4 20.5621
      vertex -35.2332 8.4 20.3772
    endloop
  endfacet
  facet normal 0 1 0
    outer loop
      vertex -53.05 8.4 -5.995
      vertex -35.2332 8.4 20.3772
      vertex -34.858 8.4 20.2634
    endloop
  endfacet
  facet normal 0 1 0
    outer loop
      vertex -53.05 8.4 -5.995
      vertex -34.858 8.4 20.2634
      vertex -34.4678 8.4 20.225
    endloop
  endfacet
  facet normal 0 1 0
    outer loop
      vertex -53.05 8.4 -5.995
      vertex -34.4678 8.4 20.225
      vertex -34.0776 8.4 20.2634
    endloop
  endfacet
  facet normal 0 1 0
    outer loop
      vertex -53.05 8.4 -5.995
      vertex -34.0776 8.4 20.2634
      vertex -33.7024 8.4 20.3772
    endloop
  endfacet
  facet normal 0 1 0
    outer loop
      vertex -53.05 8.4 -5.995
      vertex -33.7024 8.4 20.3772
      vertex -33.3567 8.4 20.5621
    endloop
  endfacet
  facet normal 0 1 0
    outer loop
      vertex -53.05 8.4 -5.995
      vertex -33.3567 8.4 20.5621
      vertex 53.05 8.4 -5.995
    endloop
  endfacet
  facet normal 0 1 0
    outer loop
      vertex -53.05 8.4 -5.995
      vertex 53.05 8.4 -5.995
      vertex 53.05 8.4 -6.005
    endloop
  endfacet
  facet normal 0 1 0
    outer loop
      vertex -53.05 8.4 48.894
      vertex -53.0192 8.4 49.2851
      vertex -52.9276 8.4 49.6665
    endloop
  endfacet
  facet normal 0 1 0
    outer loop
      vertex -53.05 8.4 48.894
      vertex -52.9276 8.4 49.6665
      vertex -52.7775 8.4 50.029
    endloop
  endfacet
  facet normal 0 1 0
    outer loop
      vertex -53.05 8.4 48.894
      vertex -52.7775 8.4 50.029
      vertex -52.5725 8.4 50.3634
    endloop
  endfacet
  facet normal 0 1 0
    outer loop
      vertex -53.05 8.4 48.894
      vertex -52.5725 8.4 50.3634
      vertex -52.3177 8.4 50.6617
    endloop
  endfacet
  facet normal 0 1 0
    outer loop
      vertex -53.05 8.4 48.894
      vertex -52.3177 8.4 50.6617
      vertex -52.0195 8.4 50.9165
    endloop
  endfacet
  facet normal 0 1 0
    outer loop
      vertex -53.05 8.4 48.894
      vertex -52.0195 8.4 50.9165
      vertex -51.685 8.4 51.1215
    endloop
  endfacet
  facet normal 0 1 0
    outer loop
      vertex -53.05 8.4 48.894
      vertex -51.685 8.4 51.1215
      vertex -51.3225 8.4 51.2716
    endloop
  endfacet
  facet normal 0 1 0
    outer loop
      vertex -53.05 8.4 48.894
      vertex -51.3225 8.4 51.2716
      vertex -50.9411 8.4 51.3632
    endloop
  endfacet
  facet normal 0 1 0
    outer loop
      vertex -53.05 8.4 48.894
      vertex -50.9411 8.4 51.3632
      vertex -50.55 8.4 51.394
    endloop
  endfacet
  facet normal 0 1 0
    outer loop
      vertex -53.05 8.4 48.894
      vertex -50.55 8.4 51.394
      vertex -35.2332 8.4 24.0728
    endloop
  endfacet
  facet normal 0 1 -0
    outer loop
      vertex -53.05 8.4 48.894
      vertex -36.4294 8.4 22.6152
      vertex -36.4678 8.4 22.225
    endloop
  endfacet
  facet normal 0 1 -0
    outer loop
      vertex -53.05 8.4 48.894
      vertex -36.3156 8.4 22.9904
      vertex -36.4294 8.4 22.6152
    endloop
  endfacet
  facet normal 0 1 -0
    outer loop
      vertex -53.05 8.4 48.894
      vertex -36.1307 8.4 23.3361
      vertex -36.3156 8.4 22.9904
    endloop
  endfacet
  facet normal 0 1 -0
    outer loop
      vertex -53.05 8.4 48.894
      vertex -35.882 8.4 23.6392
      vertex -36.1307 8.4 23.3361
    endloop
  endfacet
  facet normal 0 1 -0
    outer loop
      vertex -53.05 8.4 48.894
      vertex -35.5789 8.4 23.8879
      vertex -35.882 8.4 23.6392
    endloop
  endfacet
  facet normal 0 1 -0
    outer loop
      vertex -53.05 8.4 48.894
      vertex -35.2332 8.4 24.0728
      vertex -35.5789 8.4 23.8879
    endloop
  endfacet
  facet normal -0.97235 0 0.233527
    outer loop
      vertex -53.0192 -1.2 49.2851
      vertex -52.9276 -1.2 49.6665
      vertex -52.9276 8.4 49.6665
    endloop
  endfacet
  facet normal -0.97235 0 0.233527
    outer loop
      vertex -53.0192 -1.2 49.2851
      vertex -52.9276 8.4 49.6665
      vertex -53.0192 8.4 49.2851
    endloop
  endfacet
  facet normal 0 -1 0
    outer loop
      vertex -53.0192 -1.2 49.2851
      vertex -52.0285 -1.2 49.1281
      vertex -51.9736 -1.2 49.3566
    endloop
  endfacet
  facet normal 0 -1 0
    outer loop
      vertex -53.0192 -1.2 49.2851
      vertex -51.9736 -1.2 49.3566
      vertex -52.9276 -1.2 49.6665
    endloop
  endfacet
  facet normal -0.923927 0 0.382569
    outer loop
      vertex -52.9276 -1.2 49.6665
      vertex -52.7775 -1.2 50.029
      vertex -52.7775 8.4 50.029
    endloop
  endfacet
  facet normal -0.923927 0 0.382569
    outer loop
      vertex -52.9276 -1.2 49.6665
      vertex -52.7775 8.4 50.029
      vertex -52.9276 8.4 49.6665
    endloop
  endfacet
  facet normal 0 -1 0
    outer loop
      vertex -52.9276 -1.2 49.6665
      vertex -51.9736 -1.2 49.3566
      vertex -51.8838 -1.2 49.5735
    endloop
  endfacet
  facet normal 0 -1 0
    outer loop
      vertex -52.9276 -1.2 49.6665
      vertex -51.8838 -1.2 49.5735
      vertex -52.7775 -1.2 50.029
    endloop
  endfacet
  facet normal -0.85255 0 0.522646
    outer loop
      vertex -52.7775 -1.2 50.029
      vertex -52.5725 -1.2 50.3634
      vertex -52.5725 8.4 50.3634
    endloop
  endfacet
  facet normal -0.85255 0 0.522646
    outer loop
      vertex -52.7775 -1.2 50.029
      vertex -52.5725 8.4 50.3634
      vertex -52.7775 8.4 50.029
    endloop
  endfacet
  facet normal 0 -1 0
    outer loop
      vertex -52.7775 -1.2 50.029
      vertex -51.8838 -1.2 49.5735
      vertex -51.761 -1.2 49.7739
    endloop
  endfacet
  facet normal 0 -1 0
    outer loop
      vertex -52.7775 -1.2 50.029
      vertex -51.761 -1.2 49.7739
      vertex -52.5725 -1.2 50.3634
    endloop
  endfacet
  facet normal -0.760371 0 0.649489
    outer loop
      vertex -52.5725 -1.2 50.3634
      vertex -52.3177 -1.2 50.6617
      vertex -52.3177 8.4 50.6617
    endloop
  endfacet
  facet normal -0.760371 0 0.649489
    outer loop
      vertex -52.5725 -1.2 50.3634
      vertex -52.3177 8.4 50.6617
      vertex -52.5725 8.4 50.3634
    endloop
  endfacet
  facet normal 0 -1 0
    outer loop
      vertex -52.5725 -1.2 50.3634
      vertex -51.761 -1.2 49.7739
      vertex -51.6085 -1.2 49.9525
    endloop
  endfacet
  facet normal 0 -1 0
    outer loop
      vertex -52.5725 -1.2 50.3634
      vertex -51.6085 -1.2 49.9525
      vertex -52.3177 -1.2 50.6617
    endloop
  endfacet
  facet normal -0.649615 0 0.760263
    outer loop
      vertex -52.3177 -1.2 50.6617
      vertex -52.0195 -1.2 50.9165
      vertex -52.3177 8.4 50.6617
    endloop
  endfacet
  facet normal 0 -1 0
    outer loop
      vertex -52.3177 -1.2 50.6617
      vertex -51.6085 -1.2 49.9525
      vertex -51.4299 -1.2 50.105
    endloop
  endfacet
  facet normal 0 -1 0
    outer loop
      vertex -52.3177 -1.2 50.6617
      vertex -51.4299 -1.2 50.105
      vertex -52.0195 -1.2 50.9165
    endloop
  endfacet
  facet normal -0.649615 0 0.760263
    outer loop
      vertex -52.3177 8.4 50.6617
      vertex -52.0195 -1.2 50.9165
      vertex -52.0195 8.4 50.9165
    endloop
  endfacet
  facet normal 0 0 -1
    outer loop
      vertex -52.05 -1.2 -7
      vertex -52.05 7.4 -7
      vertex -50.65 5.4 -7
    endloop
  endfacet
  facet normal 0 -1 -0
    outer loop
      vertex -52.05 -1.2 -7
      vertex -50.65 -1.2 -7
      vertex -50.65 -1.2 -6
    endloop
  endfacet
  facet normal 0 -1 0
    outer loop
      vertex -52.05 -1.2 -7
      vertex -50.65 -1.2 -6
      vertex -52.05 -1.2 -6
    endloop
  endfacet
  facet normal 0 0 -1
    outer loop
      vertex -52.05 -1.2 -7
      vertex -50.65 5.4 -7
      vertex -50.65 -1.2 -7
    endloop
  endfacet
  facet normal 1 0 0
    outer loop
      vertex -52.05 -1.2 -6
      vertex -52.05 0 -6
      vertex -52.05 -1.2 48.8547
    endloop
  endfacet
  facet normal 0 0 1
    outer loop
      vertex -52.05 -1.2 -6
      vertex -50.65 -1.2 -6
      vertex -52.05 0 -6
    endloop
  endfacet
  facet normal 1 -0 0
    outer loop
      vertex -52.05 -1.2 48.8547
      vertex -52.05 0 -6
      vertex -52.05 0 48.8547
    endloop
  endfacet
  facet normal 0.996922 0 -0.0783973
    outer loop
      vertex -52.05 -1.2 48.8547
      vertex -52.05 0 48.8547
      vertex -52.0285 -1.2 49.1281
    endloop
  endfacet
  facet normal 0 -1 0
    outer loop
      vertex -52.05 0 -6
      vertex -51.05 0 15.4352
      vertex -52.05 0 48.8547
    endloop
  endfacet
  facet normal -0 0 1
    outer loop
      vertex -52.05 0 -6
      vertex -50.65 -1.2 -6
      vertex -50.65 0 -6
    endloop
  endfacet
  facet normal 0 -1 -0
    outer loop
      vertex -52.05 0 -6
      vertex -50.65 0 -6
      vertex -50.65 0 12.7
    endloop
  endfacet
  facet normal 0 -1 0
    outer loop
      vertex -52.05 0 -6
      vertex -50.65 0 12.7
      vertex -51.05 0 15.4352
    endloop
  endfacet
  facet normal 0.996922 0 -0.0783973
    outer loop
      vertex -52.05 0 48.8547
      vertex -52.0285 0 49.1281
      vertex -52.0285 -1.2 49.1281
    endloop
  endfacet
  facet normal 0 -1 0
    outer loop
      vertex -52.05 0 48.8547
      vertex -51.05 0 15.4352
      vertex -51.05 0 50.3021
    endloop
  endfacet
  facet normal 0 -1 0
    outer loop
      vertex -52.05 0 48.8547
      vertex -51.05 0 50.3021
      vertex -52.0285 0 49.1281
    endloop
  endfacet
  facet normal 0 0 -1
    outer loop
      vertex -52.05 7.4 -7
      vertex 52.05 7.4 -7
      vertex -50.65 5.4 -7
    endloop
  endfacet
  facet normal 0 0.705332 -0.708877
    outer loop
      vertex -52.05 7.4 -7
      vertex 53.05 8.4 -6.005
      vertex 52.05 7.4 -7
    endloop
  endfacet
  facet normal 0.972329 0 -0.233614
    outer loop
      vertex -52.0285 -1.2 49.1281
      vertex -52.0285 0 49.1281
      vertex -51.9736 -1.2 49.3566
    endloop
  endfacet
  facet normal 0.972329 0 -0.233614
    outer loop
      vertex -52.0285 0 49.1281
      vertex -51.9736 0 49.3566
      vertex -51.9736 -1.2 49.3566
    endloop
  endfacet
  facet normal 0 -1 0
    outer loop
      vertex -52.0285 0 49.1281
      vertex -51.05 0 50.3021
      vertex -51.9736 0 49.3566
    endloop
  endfacet
  facet normal -0.522532 0 0.85262
    outer loop
      vertex -52.0195 -1.2 50.9165
      vertex -51.685 -1.2 51.1215
      vertex -52.0195 8.4 50.9165
    endloop
  endfacet
  facet normal 0 -1 0
    outer loop
      vertex -52.0195 -1.2 50.9165
      vertex -51.4299 -1.2 50.105
      vertex -51.2296 -1.2 50.2278
    endloop
  endfacet
  facet normal 0 -1 0
    outer loop
      vertex -52.0195 -1.2 50.9165
      vertex -51.2296 -1.2 50.2278
      vertex -51.685 -1.2 51.1215
    endloop
  endfacet
  facet normal -0.522532 0 0.85262
    outer loop
      vertex -52.0195 8.4 50.9165
      vertex -51.685 -1.2 51.1215
      vertex -51.685 8.4 51.1215
    endloop
  endfacet
  facet normal 0.923944 0 -0.382527
    outer loop
      vertex -51.9736 -1.2 49.3566
      vertex -51.9736 0 49.3566
      vertex -51.8838 -1.2 49.5735
    endloop
  endfacet
  facet normal 0.923944 0 -0.382527
    outer loop
      vertex -51.9736 0 49.3566
      vertex -51.8838 0 49.5735
      vertex -51.8838 -1.2 49.5735
    endloop
  endfacet
  facet normal 0 -1 0
    outer loop
      vertex -51.9736 0 49.3566
      vertex -51.05 0 50.3021
      vertex -51.8838 0 49.5735
    endloop
  endfacet
  facet normal 0.85265 0 -0.522482
    outer loop
      vertex -51.8838 -1.2 49.5735
      vertex -51.8838 0 49.5735
      vertex -51.761 -1.2 49.7739
    endloop
  endfacet
  facet normal 0.85265 0 -0.522482
    outer loop
      vertex -51.8838 0 49.5735
      vertex -51.761 0 49.7739
      vertex -51.761 -1.2 49.7739
    endloop
  endfacet
  facet normal 0 -1 0
    outer loop
      vertex -51.8838 0 49.5735
      vertex -51.05 0 50.3021
      vertex -51.761 0 49.7739
    endloop
  endfacet
  facet normal 0.760488 0 -0.649352
    outer loop
      vertex -51.761 -1.2 49.7739
      vertex -51.761 0 49.7739
      vertex -51.6085 -1.2 49.9525
    endloop
  endfacet
  facet normal 0.760488 0 -0.649352
    outer loop
      vertex -51.761 0 49.7739
      vertex -51.6085 0 49.9525
      vertex -51.6085 -1.2 49.9525
    endloop
  endfacet
  facet normal 0 -1 0
    outer loop
      vertex -51.761 0 49.7739
      vertex -51.05 0 50.3021
      vertex -51.6085 0 49.9525
    endloop
  endfacet
  facet normal -0.382569 0 0.923927
    outer loop
      vertex -51.685 -1.2 51.1215
      vertex -51.3225 -1.2 51.2716
      vertex -51.3225 0 51.2716
    endloop
  endfacet
  facet normal -0.382569 0 0.923927
    outer loop
      vertex -51.685 -1.2 51.1215
      vertex -51.3225 0 51.2716
      vertex -51.685 8.4 51.1215
    endloop
  endfacet
  facet normal -0 -1 0
    outer loop
      vertex -51.685 -1.2 51.1215
      vertex -51.2296 -1.2 50.2278
      vertex -51.05 -1.2 50.3021
    endloop
  endfacet
  facet normal 0 -1 0
    outer loop
      vertex -51.685 -1.2 51.1215
      vertex -51.05 -1.2 50.3021
      vertex -51.3225 -1.2 51.2716
    endloop
  endfacet
  facet normal -0.382569 0 0.923927
    outer loop
      vertex -51.685 8.4 51.1215
      vertex -51.3225 0 51.2716
      vertex -51.3225 8.4 51.2716
    endloop
  endfacet
  facet normal 0.649352 0 -0.760488
    outer loop
      vertex -51.6085 -1.2 49.9525
      vertex -51.6085 0 49.9525
      vertex -51.4299 0 50.105
    endloop
  endfacet
  facet normal 0.649352 0 -0.760488
    outer loop
      vertex -51.6085 -1.2 49.9525
      vertex -51.4299 0 50.105
      vertex -51.4299 -1.2 50.105
    endloop
  endfacet
  facet normal 0 -1 0
    outer loop
      vertex -51.6085 0 49.9525
      vertex -51.05 0 50.3021
      vertex -51.4299 0 50.105
    endloop
  endfacet
  facet normal 0.522672 0 -0.852534
    outer loop
      vertex -51.4299 -1.2 50.105
      vertex -51.4299 0 50.105
      vertex -51.2296 0 50.2278
    endloop
  endfacet
  facet normal 0.522672 0 -0.852534
    outer loop
      vertex -51.4299 -1.2 50.105
      vertex -51.2296 0 50.2278
      vertex -51.2296 -1.2 50.2278
    endloop
  endfacet
  facet normal 0 -1 0
    outer loop
      vertex -51.4299 0 50.105
      vertex -51.05 0 50.3021
      vertex -51.2296 0 50.2278
    endloop
  endfacet
  facet normal 0 -1 0
    outer loop
      vertex -51.3225 -1.2 51.2716
      vertex -51.05 -1.2 50.3021
      vertex -51.05 -1.2 51.3371
    endloop
  endfacet
  facet normal -0.23371 0 0.972306
    outer loop
      vertex -51.3225 -1.2 51.2716
      vertex -51.05 -1.2 51.3371
      vertex -51.3225 0 51.2716
    endloop
  endfacet
  facet normal -0.23371 0 0.972306
    outer loop
      vertex -51.3225 0 51.2716
      vertex -51.05 -1.2 51.3371
      vertex -51.05 0 51.3371
    endloop
  endfacet
  facet normal -0.23371 0 0.972306
    outer loop
      vertex -51.3225 0 51.2716
      vertex -51.05 0 51.3371
      vertex -51.05 6.4 51.3371
    endloop
  endfacet
  facet normal -0.23371 0 0.972306
    outer loop
      vertex -51.3225 0 51.2716
      vertex -51.05 6.4 51.3371
      vertex -51.3225 8.4 51.2716
    endloop
  endfacet
  facet normal -0.233527 2.63865e-05 0.97235
    outer loop
      vertex -51.3225 8.4 51.2716
      vertex -51.05 6.4 51.3371
      vertex -50.9411 8.4 51.3632
    endloop
  endfacet
  facet normal 0.382276 0 -0.924048
    outer loop
      vertex -51.2296 -1.2 50.2278
      vertex -51.2296 0 50.2278
      vertex -51.05 0 50.3021
    endloop
  endfacet
  facet normal 0.382276 0 -0.924048
    outer loop
      vertex -51.2296 -1.2 50.2278
      vertex -51.05 0 50.3021
      vertex -51.05 -1.2 50.3021
    endloop
  endfacet
  facet normal 1 0 0
    outer loop
      vertex -51.05 -1.2 50.3021
      vertex -51.05 0 50.3021
      vertex -51.05 -1.2 51.3371
    endloop
  endfacet
  facet normal 1 -0 0
    outer loop
      vertex -51.05 -1.2 51.3371
      vertex -51.05 0 50.3021
      vertex -51.05 0 51.3371
    endloop
  endfacet
  facet normal 1 0 0
    outer loop
      vertex -51.05 0 15.4352
      vertex -51.05 6.4 15.4352
      vertex -51.05 0 50.3021
    endloop
  endfacet
  facet normal 0.92381 0 0.382852
    outer loop
      vertex -51.05 0 15.4352
      vertex -50.9035 0 15.0817
      vertex -50.9035 6.4 15.0817
    endloop
  endfacet
  facet normal 0.92381 -0 0.382852
    outer loop
      vertex -51.05 0 15.4352
      vertex -50.9035 6.4 15.0817
      vertex -51.05 6.4 15.4352
    endloop
  endfacet
  facet normal 0 -1 0
    outer loop
      vertex -51.05 0 15.4352
      vertex -50.65 0 12.7
      vertex -50.9035 0 15.0817
    endloop
  endfacet
  facet normal 1 0 0
    outer loop
      vertex -51.05 0 50.3021
      vertex -51.05 6.4 15.4352
      vertex -51.05 6.4 51.3371
    endloop
  endfacet
  facet normal 1 0 0
    outer loop
      vertex -51.05 0 50.3021
      vertex -51.05 6.4 51.3371
      vertex -51.05 0 51.3371
    endloop
  endfacet
  facet normal 0 -1 0
    outer loop
      vertex -51.05 6.4 15.4352
      vertex -50.9035 6.4 15.0817
      vertex -50.55 6.4 14.9352
    endloop
  endfacet
  facet normal 0 -1 0
    outer loop
      vertex -51.05 6.4 15.4352
      vertex -50.55 6.4 14.9352
      vertex -37.1898 6.4 21.8336
    endloop
  endfacet
  facet normal 0 -1 0
    outer loop
      vertex -51.05 6.4 15.4352
      vertex -37.2178 6.4 22.225
      vertex -37.1898 6.4 22.6164
    endloop
  endfacet
  facet normal 0 -1 -0
    outer loop
      vertex -51.05 6.4 15.4352
      vertex -37.1898 6.4 21.8336
      vertex -37.2178 6.4 22.225
    endloop
  endfacet
  facet normal 0 -1 0
    outer loop
      vertex -51.05 6.4 15.4352
      vertex -37.1898 6.4 22.6164
      vertex -37.1064 6.4 22.9998
    endloop
  endfacet
  facet normal 0 -1 0
    outer loop
      vertex -51.05 6.4 15.4352
      vertex -37.1064 6.4 22.9998
      vertex -36.9693 6.4 23.3674
    endloop
  endfacet
  facet normal 0 -1 0
    outer loop
      vertex -51.05 6.4 15.4352
      vertex -36.9693 6.4 23.3674
      vertex -36.7812 6.4 23.7118
    endloop
  endfacet
  facet normal 0 -1 0
    outer loop
      vertex -51.05 6.4 15.4352
      vertex -36.7812 6.4 23.7118
      vertex -51.05 6.4 51.3371
    endloop
  endfacet
  facet normal -0.233069 0 0.97246
    outer loop
      vertex -51.05 6.4 51.3371
      vertex -50.9411 6.4 51.3632
      vertex -50.9411 8.4 51.3632
    endloop
  endfacet
  facet normal 0 -1 0
    outer loop
      vertex -51.05 6.4 51.3371
      vertex -50.55 6.4 51.394
      vertex -50.9411 6.4 51.3632
    endloop
  endfacet
  facet normal 0 -1 0
    outer loop
      vertex -51.05 6.4 51.3371
      vertex -36.7812 6.4 23.7118
      vertex -36.5461 6.4 24.0259
    endloop
  endfacet
  facet normal 0 -1 0
    outer loop
      vertex -51.05 6.4 51.3371
      vertex -36.5461 6.4 24.0259
      vertex -50.55 6.4 51.394
    endloop
  endfacet
  facet normal -0.0785092 0 0.996913
    outer loop
      vertex -50.9411 6.4 51.3632
      vertex -50.55 6.4 51.394
      vertex -50.9411 8.4 51.3632
    endloop
  endfacet
  facet normal -0.0785092 0 0.996913
    outer loop
      vertex -50.9411 8.4 51.3632
      vertex -50.55 6.4 51.394
      vertex -50.55 8.4 51.394
    endloop
  endfacet
  facet normal 0 -1 0
    outer loop
      vertex -50.9035 0 15.0817
      vertex -50.65 0 12.7
      vertex -50.55 0 14.9352
    endloop
  endfacet
  facet normal 0.382852 0 0.92381
    outer loop
      vertex -50.9035 0 15.0817
      vertex -50.55 0 14.9352
      vertex -50.9035 6.4 15.0817
    endloop
  endfacet
  facet normal 0.382852 0 0.92381
    outer loop
      vertex -50.9035 6.4 15.0817
      vertex -50.55 0 14.9352
      vertex -50.55 6.4 14.9352
    endloop
  endfacet
  facet normal 1 0 0
    outer loop
      vertex -50.65 -1.2 -7
      vertex -50.65 0 -6
      vertex -50.65 -1.2 -6
    endloop
  endfacet
  facet normal 1 0 0
    outer loop
      vertex -50.65 -1.2 -7
      vertex -50.65 5.4 -7
      vertex -50.65 0 -6
    endloop
  endfacet
  facet normal 1 0 0
    outer loop
      vertex -50.65 0 -6
      vertex -50.65 5.4 -7
      vertex -50.65 5.4 12.7
    endloop
  endfacet
  facet normal 1 0 0
    outer loop
      vertex -50.65 0 -6
      vertex -50.65 5.4 12.7
      vertex -50.65 0 12.7
    endloop
  endfacet
  facet normal 0 0 -1
    outer loop
      vertex -50.65 0 12.7
      vertex -50.65 5.4 12.7
      vertex -47.0622 0.849999 12.7
    endloop
  endfacet
  facet normal 0 -1 -0
    outer loop
      vertex -50.65 0 12.7
      vertex -49.8602 0 14.6852
      vertex -50.55 0 14.9352
    endloop
  endfacet
  facet normal 0 -1 0
    outer loop
      vertex -50.65 0 12.7
      vertex -47.0622 0 12.7
      vertex -49.8602 0 14.6852
    endloop
  endfacet
  facet normal 0 0 -1
    outer loop
      vertex -50.65 0 12.7
      vertex -47.0622 0.849999 12.7
      vertex -47.0622 0 12.7
    endloop
  endfacet
  facet normal 0 -1 -0
    outer loop
      vertex -50.65 5.4 -7
      vertex 50.65 5.4 -7
      vertex 50.65 5.4 12.7
    endloop
  endfacet
  facet normal 0 -1 0
    outer loop
      vertex -50.65 5.4 -7
      vertex 50.65 5.4 12.7
      vertex -50.65 5.4 12.7
    endloop
  endfacet
  facet normal 0 0 -1
    outer loop
      vertex -50.65 5.4 -7
      vertex 52.05 7.4 -7
      vertex 50.65 5.4 -7
    endloop
  endfacet
  facet normal 0 0 -1
    outer loop
      vertex -50.65 5.4 12.7
      vertex 46.9098 0.849999 12.7
      vertex -47.0622 0.849999 12.7
    endloop
  endfacet
  facet normal 0 0 -1
    outer loop
      vertex -50.65 5.4 12.7
      vertex 50.65 5.4 12.7
      vertex 46.9098 0.849999 12.7
    endloop
  endfacet
  facet normal 0 0 1
    outer loop
      vertex -50.55 0 14.9352
      vertex -50.1102 0 14.9352
      vertex -50.1102 0.849999 14.9352
    endloop
  endfacet
  facet normal 0 0 1
    outer loop
      vertex -50.55 0 14.9352
      vertex -50.1102 0.849999 14.9352
      vertex -50.55 6.4 14.9352
    endloop
  endfacet
  facet normal 0 -1 0
    outer loop
      vertex -50.55 0 14.9352
      vertex -49.8602 0 14.6852
      vertex -50.1102 0 14.9352
    endloop
  endfacet
  facet normal -0 0 1
    outer loop
      vertex -50.55 6.4 14.9352
      vertex -50.1102 0.849999 14.9352
      vertex 50.55 6.4 14.9352
    endloop
  endfacet
  facet normal 0 -1 -0
    outer loop
      vertex -50.55 6.4 14.9352
      vertex -37.1064 6.4 21.4502
      vertex -37.1898 6.4 21.8336
    endloop
  endfacet
  facet normal 0 -1 -0
    outer loop
      vertex -50.55 6.4 14.9352
      vertex -36.9693 6.4 21.0826
      vertex -37.1064 6.4 21.4502
    endloop
  endfacet
  facet normal 0 -1 -0
    outer loop
      vertex -50.55 6.4 14.9352
      vertex -36.7812 6.4 20.7382
      vertex -36.9693 6.4 21.0826
    endloop
  endfacet
  facet normal 0 -1 -0
    outer loop
      vertex -50.55 6.4 14.9352
      vertex -36.5461 6.4 20.4241
      vertex -36.7812 6.4 20.7382
    endloop
  endfacet
  facet normal 0 -1 -0
    outer loop
      vertex -50.55 6.4 14.9352
      vertex -36.2687 6.4 20.1467
      vertex -36.5461 6.4 20.4241
    endloop
  endfacet
  facet normal 0 -1 -0
    outer loop
      vertex -50.55 6.4 14.9352
      vertex -35.9546 6.4 19.9116
      vertex -36.2687 6.4 20.1467
    endloop
  endfacet
  facet normal 0 -1 -0
    outer loop
      vertex -50.55 6.4 14.9352
      vertex -35.6102 6.4 19.7235
      vertex -35.9546 6.4 19.9116
    endloop
  endfacet
  facet normal 0 -1 -0
    outer loop
      vertex -50.55 6.4 14.9352
      vertex -35.2426 6.4 19.5864
      vertex -35.6102 6.4 19.7235
    endloop
  endfacet
  facet normal 0 -1 -0
    outer loop
      vertex -50.55 6.4 14.9352
      vertex -34.8592 6.4 19.503
      vertex -35.2426 6.4 19.5864
    endloop
  endfacet
  facet normal 0 -1 -0
    outer loop
      vertex -50.55 6.4 14.9352
      vertex -34.4678 6.4 19.475
      vertex -34.8592 6.4 19.503
    endloop
  endfacet
  facet normal 0 -1 0
    outer loop
      vertex -50.55 6.4 14.9352
      vertex -34.0764 6.4 19.503
      vertex -34.4678 6.4 19.475
    endloop
  endfacet
  facet normal 0 -1 -0
    outer loop
      vertex -50.55 6.4 14.9352
      vertex 50.55 6.4 14.9352
      vertex -34.0764 6.4 19.503
    endloop
  endfacet
  facet normal 0 -1 0
    outer loop
      vertex -50.55 6.4 51.394
      vertex -36.5461 6.4 24.0259
      vertex -36.2687 6.4 24.3033
    endloop
  endfacet
  facet normal 0 -1 0
    outer loop
      vertex -50.55 6.4 51.394
      vertex -36.2687 6.4 24.3033
      vertex -35.9546 6.4 24.5384
    endloop
  endfacet
  facet normal 0 -1 0
    outer loop
      vertex -50.55 6.4 51.394
      vertex -35.9546 6.4 24.5384
      vertex -35.6102 6.4 24.7265
    endloop
  endfacet
  facet normal 0 -1 0
    outer loop
      vertex -50.55 6.4 51.394
      vertex -35.6102 6.4 24.7265
      vertex -35.2426 6.4 24.8636
    endloop
  endfacet
  facet normal 0 -1 0
    outer loop
      vertex -50.55 6.4 51.394
      vertex -35.2426 6.4 24.8636
      vertex -34.8592 6.4 24.947
    endloop
  endfacet
  facet normal 0 -1 0
    outer loop
      vertex -50.55 6.4 51.394
      vertex -34.8592 6.4 24.947
      vertex -34.4678 6.4 24.975
    endloop
  endfacet
  facet normal 0 -1 0
    outer loop
      vertex -50.55 6.4 51.394
      vertex -34.4678 6.4 24.975
      vertex -34.0764 6.4 24.947
    endloop
  endfacet
  facet normal 0 -1 0
    outer loop
      vertex -50.55 6.4 51.394
      vertex -34.0764 6.4 24.947
      vertex -33.693 6.4 24.8636
    endloop
  endfacet
  facet normal 0 -1 0
    outer loop
      vertex -50.55 6.4 51.394
      vertex -33.693 6.4 24.8636
      vertex -33.3254 6.4 24.7265
    endloop
  endfacet
  facet normal 0 -1 0
    outer loop
      vertex -50.55 6.4 51.394
      vertex -33.3254 6.4 24.7265
      vertex -32.981 6.4 24.5384
    endloop
  endfacet
  facet normal 0 -1 0
    outer loop
      vertex -50.55 6.4 51.394
      vertex -32.981 6.4 24.5384
      vertex -32.6669 6.4 24.3033
    endloop
  endfacet
  facet normal 0 -1 0
    outer loop
      vertex -50.55 6.4 51.394
      vertex -32.6669 6.4 24.3033
      vertex 50.55 6.4 51.394
    endloop
  endfacet
  facet normal 0 0 1
    outer loop
      vertex -50.55 6.4 51.394
      vertex 50.55 6.4 51.394
      vertex -50.55 8.4 51.394
    endloop
  endfacet
  facet normal 0 1 -0
    outer loop
      vertex -50.55 8.4 51.394
      vertex -34.858 8.4 24.1866
      vertex -35.2332 8.4 24.0728
    endloop
  endfacet
  facet normal 0 1 -0
    outer loop
      vertex -50.55 8.4 51.394
      vertex -34.4678 8.4 24.225
      vertex -34.858 8.4 24.1866
    endloop
  endfacet
  facet normal -0 0 1
    outer loop
      vertex -50.55 8.4 51.394
      vertex 50.55 6.4 51.394
      vertex 50.55 8.4 51.394
    endloop
  endfacet
  facet normal 0 1 0
    outer loop
      vertex -50.55 8.4 51.394
      vertex 50.55 8.4 51.394
      vertex -34.4678 8.4 24.225
    endloop
  endfacet
  facet normal 0.707107 0 0.707107
    outer loop
      vertex -50.1102 0 14.9352
      vertex -49.8602 0 14.6852
      vertex -49.8602 0.849999 14.6852
    endloop
  endfacet
  facet normal 0.707107 -0 0.707107
    outer loop
      vertex -50.1102 0 14.9352
      vertex -49.8602 0.849999 14.6852
      vertex -50.1102 0.849999 14.9352
    endloop
  endfacet
  facet normal 0 -1 0
    outer loop
      vertex -50.1102 0.849999 14.9352
      vertex -49.8602 0.849999 14.6852
      vertex -47.0622 0.849999 14.6852
    endloop
  endfacet
  facet normal 0 -1 0
    outer loop
      vertex -50.1102 0.849999 14.9352
      vertex -47.0622 0.849999 14.6852
      vertex 50.1102 0.849999 14.9352
    endloop
  endfacet
  facet normal 0 0 1
    outer loop
      vertex -50.1102 0.849999 14.9352
      vertex 50.1102 0.849999 14.9352
      vertex 50.55 6.4 14.9352
    endloop
  endfacet
  facet normal 0 -1 0
    outer loop
      vertex -49.8602 0 14.6852
      vertex -47.0622 0 12.7
      vertex -47.0622 0 14.6852
    endloop
  endfacet
  facet normal 0 0 1
    outer loop
      vertex -49.8602 0 14.6852
      vertex -47.0622 0 14.6852
      vertex -49.8602 0.849999 14.6852
    endloop
  endfacet
  facet normal -0 0 1
    outer loop
      vertex -49.8602 0.849999 14.6852
      vertex -47.0622 0 14.6852
      vertex -47.0622 0.849999 14.6852
    endloop
  endfacet
  facet normal 1 0 0
    outer loop
      vertex -47.0622 0 12.7
      vertex -47.0622 0.849999 12.7
      vertex -47.0622 0 14.6852
    endloop
  endfacet
  facet normal 1 -0 0
    outer loop
      vertex -47.0622 0 14.6852
      vertex -47.0622 0.849999 12.7
      vertex -47.0622 0.849999 14.6852
    endloop
  endfacet
  facet normal 0 -1 -0
    outer loop
      vertex -47.0622 0.849999 12.7
      vertex 46.9098 0.849999 12.7
      vertex 46.9098 0.849999 14.6852
    endloop
  endfacet
  facet normal 0 -1 0
    outer loop
      vertex -47.0622 0.849999 12.7
      vertex 46.9098 0.849999 14.6852
      vertex -47.0622 0.849999 14.6852
    endloop
  endfacet
  facet normal 0 -1 0
    outer loop
      vertex -47.0622 0.849999 14.6852
      vertex 46.9098 0.849999 14.6852
      vertex 50.1102 0.849999 14.9352
    endloop
  endfacet
  facet normal -0.997451 -0 -0.0713557
    outer loop
      vertex -37.2178 0.849999 22.225
      vertex -37.2178 6.4 22.225
      vertex -37.1898 0.849999 21.8336
    endloop
  endfacet
  facet normal 0 -1 0
    outer loop
      vertex -37.2178 0.849999 22.225
      vertex -37.1898 0.849999 21.8336
      vertex -35.5678 0.849999 22.225
    endloop
  endfacet
  facet normal -0.997451 0 0.0713557
    outer loop
      vertex -37.2178 0.849999 22.225
      vertex -37.1898 0.849999 22.6164
      vertex -37.1898 6.4 22.6164
    endloop
  endfacet
  facet normal -0.997451 0 0.0713557
    outer loop
      vertex -37.2178 0.849999 22.225
      vertex -37.1898 6.4 22.6164
      vertex -37.2178 6.4 22.225
    endloop
  endfacet
  facet normal 0 -1 0
    outer loop
      vertex -37.2178 0.849999 22.225
      vertex -35.5678 0.849999 22.225
      vertex -37.1898 0.849999 22.6164
    endloop
  endfacet
  facet normal -0.997451 0 -0.0713557
    outer loop
      vertex -37.2178 6.4 22.225
      vertex -37.1898 6.4 21.8336
      vertex -37.1898 0.849999 21.8336
    endloop
  endfacet
  facet normal -0.977149 -0 -0.212557
    outer loop
      vertex -37.1898 0.849999 21.8336
      vertex -37.1898 6.4 21.8336
      vertex -37.1064 0.849999 21.4502
    endloop
  endfacet
  facet normal 0 -1 0
    outer loop
      vertex -37.1898 0.849999 21.8336
      vertex -37.1064 0.849999 21.4502
      vertex -35.5015 0.849999 21.8488
    endloop
  endfacet
  facet normal 0 -1 -0
    outer loop
      vertex -37.1898 0.849999 21.8336
      vertex -35.5015 0.849999 21.8488
      vertex -35.5678 0.849999 22.225
    endloop
  endfacet
  facet normal -0.977149 0 0.212557
    outer loop
      vertex -37.1898 0.849999 22.6164
      vertex -37.1064 0.849999 22.9998
      vertex -37.1064 6.4 22.9998
    endloop
  endfacet
  facet normal -0.977149 0 0.212557
    outer loop
      vertex -37.1898 0.849999 22.6164
      vertex -37.1064 6.4 22.9998
      vertex -37.1898 6.4 22.6164
    endloop
  endfacet
  facet normal 0 -1 0
    outer loop
      vertex -37.1898 0.849999 22.6164
      vertex -35.5678 0.849999 22.225
      vertex -35.5015 0.849999 22.6012
    endloop
  endfacet
  facet normal 0 -1 0
    outer loop
      vertex -37.1898 0.849999 22.6164
      vertex -35.5015 0.849999 22.6012
      vertex -37.1064 0.849999 22.9998
    endloop
  endfacet
  facet normal -0.977149 0 -0.212557
    outer loop
      vertex -37.1898 6.4 21.8336
      vertex -37.1064 6.4 21.4502
      vertex -37.1064 0.849999 21.4502
    endloop
  endfacet
  facet normal -0.936956 -0 -0.349447
    outer loop
      vertex -37.1064 0.849999 21.4502
      vertex -37.1064 6.4 21.4502
      vertex -36.9693 0.849999 21.0826
    endloop
  endfacet
  facet normal 0 -1 0
    outer loop
      vertex -37.1064 0.849999 21.4502
      vertex -36.9693 0.849999 21.0826
      vertex -35.5015 0.849999 21.8488
    endloop
  endfacet
  facet normal -0.936956 0 0.349447
    outer loop
      vertex -37.1064 0.849999 22.9998
      vertex -36.9693 0.849999 23.3674
      vertex -36.9693 6.4 23.3674
    endloop
  endfacet
  facet normal -0.936956 0 0.349447
    outer loop
      vertex -37.1064 0.849999 22.9998
      vertex -36.9693 6.4 23.3674
      vertex -37.1064 6.4 22.9998
    endloop
  endfacet
  facet normal 0 -1 0
    outer loop
      vertex -37.1064 0.849999 22.9998
      vertex -35.5015 0.849999 22.6012
      vertex -36.9693 0.849999 23.3674
    endloop
  endfacet
  facet normal -0.936956 0 -0.349447
    outer loop
      vertex -37.1064 6.4 21.4502
      vertex -36.9693 6.4 21.0826
      vertex -36.9693 0.849999 21.0826
    endloop
  endfacet
  facet normal -0.877632 -0 -0.479334
    outer loop
      vertex -36.9693 0.849999 21.0826
      vertex -36.9693 6.4 21.0826
      vertex -36.7812 0.849999 20.7382
    endloop
  endfacet
  facet normal 0 -1 0
    outer loop
      vertex -36.9693 0.849999 21.0826
      vertex -36.7812 0.849999 20.7382
      vertex -35.5015 0.849999 21.8488
    endloop
  endfacet
  facet normal -0.877632 0 0.479334
    outer loop
      vertex -36.9693 0.849999 23.3674
      vertex -36.7812 0.849999 23.7118
      vertex -36.7812 6.4 23.7118
    endloop
  endfacet
  facet normal -0.877632 0 0.479334
    outer loop
      vertex -36.9693 0.849999 23.3674
      vertex -36.7812 6.4 23.7118
      vertex -36.9693 6.4 23.3674
    endloop
  endfacet
  facet normal 0 -1 0
    outer loop
      vertex -36.9693 0.849999 23.3674
      vertex -35.5015 0.849999 22.6012
      vertex -36.7812 0.849999 23.7118
    endloop
  endfacet
  facet normal -0.877632 0 -0.479334
    outer loop
      vertex -36.9693 6.4 21.0826
      vertex -36.7812 6.4 20.7382
      vertex -36.7812 0.849999 20.7382
    endloop
  endfacet
  facet normal -0.800581 -0 -0.599225
    outer loop
      vertex -36.7812 0.849999 20.7382
      vertex -36.7812 6.4 20.7382
      vertex -36.5461 0.849999 20.4241
    endloop
  endfacet
  facet normal 0 -1 0
    outer loop
      vertex -36.7812 0.849999 20.7382
      vertex -36.5461 0.849999 20.4241
      vertex -35.3104 0.849999 21.5179
    endloop
  endfacet
  facet normal 0 -1 -0
    outer loop
      vertex -36.7812 0.849999 20.7382
      vertex -35.3104 0.849999 21.5179
      vertex -35.5015 0.849999 21.8488
    endloop
  endfacet
  facet normal -0.800581 0 0.599225
    outer loop
      vertex -36.7812 0.849999 23.7118
      vertex -36.5461 0.849999 24.0259
      vertex -36.5461 6.4 24.0259
    endloop
  endfacet
  facet normal -0.800581 0 0.599225
    outer loop
      vertex -36.7812 0.849999 23.7118
      vertex -36.5461 6.4 24.0259
      vertex -36.7812 6.4 23.7118
    endloop
  endfacet
  facet normal 0 -1 0
    outer loop
      vertex -36.7812 0.849999 23.7118
      vertex -35.5015 0.849999 22.6012
      vertex -35.3104 0.849999 22.9321
    endloop
  endfacet
  facet normal 0 -1 0
    outer loop
      vertex -36.7812 0.849999 23.7118
      vertex -35.3104 0.849999 22.9321
      vertex -36.5461 0.849999 24.0259
    endloop
  endfacet
  facet normal -0.800581 0 -0.599225
    outer loop
      vertex -36.7812 6.4 20.7382
      vertex -36.5461 6.4 20.4241
      vertex -36.5461 0.849999 20.4241
    endloop
  endfacet
  facet normal -0.707107 0 -0.707107
    outer loop
      vertex -36.5461 0.849999 20.4241
      vertex -36.5461 6.4 20.4241
      vertex -36.2687 6.4 20.1467
    endloop
  endfacet
  facet normal 0 -1 0
    outer loop
      vertex -36.5461 0.849999 20.4241
      vertex -36.2687 0.849999 20.1467
      vertex -35.3104 0.849999 21.5179
    endloop
  endfacet
  facet normal -0.707107 0 -0.707107
    outer loop
      vertex -36.5461 0.849999 20.4241
      vertex -36.2687 6.4 20.1467
      vertex -36.2687 0.849999 20.1467
    endloop
  endfacet
  facet normal -0.707107 0 0.707107
    outer loop
      vertex -36.5461 0.849999 24.0259
      vertex -36.2687 0.849999 24.3033
      vertex -36.5461 6.4 24.0259
    endloop
  endfacet
  facet normal 0 -1 0
    outer loop
      vertex -36.5461 0.849999 24.0259
      vertex -35.3104 0.849999 22.9321
      vertex -36.2687 0.849999 24.3033
    endloop
  endfacet
  facet normal -0.707107 0 0.707107
    outer loop
      vertex -36.5461 6.4 24.0259
      vertex -36.2687 0.849999 24.3033
      vertex -36.2687 6.4 24.3033
    endloop
  endfacet
  facet normal 0.995193 0 -0.097938
    outer loop
      vertex -36.4678 6.6 22.225
      vertex -36.4678 8.4 22.225
      vertex -36.4294 6.6 22.6152
    endloop
  endfacet
  facet normal 0.995193 0 0.097938
    outer loop
      vertex -36.4678 6.6 22.225
      vertex -36.4294 6.6 21.8348
      vertex -36.4294 8.4 21.8348
    endloop
  endfacet
  facet normal 0 1 0
    outer loop
      vertex -36.4678 6.6 22.225
      vertex -36.4294 6.6 22.6152
      vertex -35.5678 6.6 22.225
    endloop
  endfacet
  facet normal 0.995193 -0 0.097938
    outer loop
      vertex -36.4678 6.6 22.225
      vertex -36.4294 8.4 21.8348
      vertex -36.4678 8.4 22.225
    endloop
  endfacet
  facet normal 0 1 0
    outer loop
      vertex -36.4678 6.6 22.225
      vertex -35.5678 6.6 22.225
      vertex -36.4294 6.6 21.8348
    endloop
  endfacet
  facet normal 0.995193 0 -0.097938
    outer loop
      vertex -36.4678 8.4 22.225
      vertex -36.4294 8.4 22.6152
      vertex -36.4294 6.6 22.6152
    endloop
  endfacet
  facet normal 0.956951 0 0.290248
    outer loop
      vertex -36.4294 6.6 21.8348
      vertex -36.3156 6.6 21.4596
      vertex -36.3156 8.4 21.4596
    endloop
  endfacet
  facet normal 0.956951 -0 0.290248
    outer loop
      vertex -36.4294 6.6 21.8348
      vertex -36.3156 8.4 21.4596
      vertex -36.4294 8.4 21.8348
    endloop
  endfacet
  facet normal 0 1 0
    outer loop
      vertex -36.4294 6.6 21.8348
      vertex -35.5678 6.6 22.225
      vertex -35.5015 6.6 21.8488
    endloop
  endfacet
  facet normal 0 1 0
    outer loop
      vertex -36.4294 6.6 21.8348
      vertex -35.5015 6.6 21.8488
      vertex -36.3156 6.6 21.4596
    endloop
  endfacet
  facet normal 0.956951 0 -0.290248
    outer loop
      vertex -36.4294 6.6 22.6152
      vertex -36.4294 8.4 22.6152
      vertex -36.3156 6.6 22.9904
    endloop
  endfacet
  facet normal 0 1 0
    outer loop
      vertex -36.4294 6.6 22.6152
      vertex -36.3156 6.6 22.9904
      vertex -35.5015 6.6 22.6012
    endloop
  endfacet
  facet normal 0 1 -0
    outer loop
      vertex -36.4294 6.6 22.6152
      vertex -35.5015 6.6 22.6012
      vertex -35.5678 6.6 22.225
    endloop
  endfacet
  facet normal 0.956951 0 -0.290248
    outer loop
      vertex -36.4294 8.4 22.6152
      vertex -36.3156 8.4 22.9904
      vertex -36.3156 6.6 22.9904
    endloop
  endfacet
  facet normal 0.881795 0 0.471634
    outer loop
      vertex -36.3156 6.6 21.4596
      vertex -36.1307 6.6 21.1139
      vertex -36.1307 8.4 21.1139
    endloop
  endfacet
  facet normal 0.881795 -0 0.471634
    outer loop
      vertex -36.3156 6.6 21.4596
      vertex -36.1307 8.4 21.1139
      vertex -36.3156 8.4 21.4596
    endloop
  endfacet
  facet normal 0 1 0
    outer loop
      vertex -36.3156 6.6 21.4596
      vertex -35.5015 6.6 21.8488
      vertex -36.1307 6.6 21.1139
    endloop
  endfacet
  facet normal 0.881795 0 -0.471634
    outer loop
      vertex -36.3156 6.6 22.9904
      vertex -36.3156 8.4 22.9904
      vertex -36.1307 6.6 23.3361
    endloop
  endfacet
  facet normal 0 1 0
    outer loop
      vertex -36.3156 6.6 22.9904
      vertex -36.1307 6.6 23.3361
      vertex -35.5015 6.6 22.6012
    endloop
  endfacet
  facet normal 0.881795 0 -0.471634
    outer loop
      vertex -36.3156 8.4 22.9904
      vertex -36.1307 8.4 23.3361
      vertex -36.1307 6.6 23.3361
    endloop
  endfacet
  facet normal -0.599225 0 -0.800581
    outer loop
      vertex -36.2687 0.849999 20.1467
      vertex -36.2687 6.4 20.1467
      vertex -35.9546 6.4 19.9116
    endloop
  endfacet
  facet normal 0 -1 0
    outer loop
      vertex -36.2687 0.849999 20.1467
      vertex -35.9546 0.849999 19.9116
      vertex -35.0178 0.849999 21.2724
    endloop
  endfacet
  facet normal -0.599225 0 -0.800581
    outer loop
      vertex -36.2687 0.849999 20.1467
      vertex -35.9546 6.4 19.9116
      vertex -35.9546 0.849999 19.9116
    endloop
  endfacet
  facet normal 0 -1 -0
    outer loop
      vertex -36.2687 0.849999 20.1467
      vertex -35.0178 0.849999 21.2724
      vertex -35.3104 0.849999 21.5179
    endloop
  endfacet
  facet normal -0.599225 0 0.800581
    outer loop
      vertex -36.2687 0.849999 24.3033
      vertex -35.9546 0.849999 24.5384
      vertex -36.2687 6.4 24.3033
    endloop
  endfacet
  facet normal 0 -1 0
    outer loop
      vertex -36.2687 0.849999 24.3033
      vertex -35.3104 0.849999 22.9321
      vertex -35.0178 0.849999 23.1776
    endloop
  endfacet
  facet normal 0 -1 0
    outer loop
      vertex -36.2687 0.849999 24.3033
      vertex -35.0178 0.849999 23.1776
      vertex -35.9546 0.849999 24.5384
    endloop
  endfacet
  facet normal -0.599225 0 0.800581
    outer loop
      vertex -36.2687 6.4 24.3033
      vertex -35.9546 0.849999 24.5384
      vertex -35.9546 6.4 24.5384
    endloop
  endfacet
  facet normal 0.77307 0 0.634321
    outer loop
      vertex -36.1307 6.6 21.1139
      vertex -35.882 6.6 20.8108
      vertex -35.882 8.4 20.8108
    endloop
  endfacet
  facet normal 0.77307 -0 0.634321
    outer loop
      vertex -36.1307 6.6 21.1139
      vertex -35.882 8.4 20.8108
      vertex -36.1307 8.4 21.1139
    endloop
  endfacet
  facet normal 0 1 0
    outer loop
      vertex -36.1307 6.6 21.1139
      vertex -35.5015 6.6 21.8488
      vertex -35.3104 6.6 21.5179
    endloop
  endfacet
  facet normal 0 1 0
    outer loop
      vertex -36.1307 6.6 21.1139
      vertex -35.3104 6.6 21.5179
      vertex -35.882 6.6 20.8108
    endloop
  endfacet
  facet normal 0.77307 0 -0.634321
    outer loop
      vertex -36.1307 6.6 23.3361
      vertex -36.1307 8.4 23.3361
      vertex -35.882 6.6 23.6392
    endloop
  endfacet
  facet normal 0 1 0
    outer loop
      vertex -36.1307 6.6 23.3361
      vertex -35.882 6.6 23.6392
      vertex -35.3104 6.6 22.9321
    endloop
  endfacet
  facet normal 0 1 -0
    outer loop
      vertex -36.1307 6.6 23.3361
      vertex -35.3104 6.6 22.9321
      vertex -35.5015 6.6 22.6012
    endloop
  endfacet
  facet normal 0.77307 0 -0.634321
    outer loop
      vertex -36.1307 8.4 23.3361
      vertex -35.882 8.4 23.6392
      vertex -35.882 6.6 23.6392
    endloop
  endfacet
  facet normal -0.479334 0 -0.877632
    outer loop
      vertex -35.9546 0.849999 19.9116
      vertex -35.9546 6.4 19.9116
      vertex -35.6102 6.4 19.7235
    endloop
  endfacet
  facet normal 0 -1 0
    outer loop
      vertex -35.9546 0.849999 19.9116
      vertex -35.6102 0.849999 19.7235
      vertex -35.0178 0.849999 21.2724
    endloop
  endfacet
  facet normal -0.479334 0 -0.877632
    outer loop
      vertex -35.9546 0.849999 19.9116
      vertex -35.6102 6.4 19.7235
      vertex -35.6102 0.849999 19.7235
    endloop
  endfacet
  facet normal -0.479334 0 0.877632
    outer loop
      vertex -35.9546 0.849999 24.5384
      vertex -35.6102 0.849999 24.7265
      vertex -35.9546 6.4 24.5384
    endloop
  endfacet
  facet normal 0 -1 0
    outer loop
      vertex -35.9546 0.849999 24.5384
      vertex -35.0178 0.849999 23.1776
      vertex -35.6102 0.849999 24.7265
    endloop
  endfacet
  facet normal -0.479334 0 0.877632
    outer loop
      vertex -35.9546 6.4 24.5384
      vertex -35.6102 0.849999 24.7265
      vertex -35.6102 6.4 24.7265
    endloop
  endfacet
  facet normal 0.634321 0 0.77307
    outer loop
      vertex -35.882 6.6 20.8108
      vertex -35.5789 6.6 20.5621
      vertex -35.882 8.4 20.8108
    endloop
  endfacet
  facet normal 0 1 0
    outer loop
      vertex -35.882 6.6 20.8108
      vertex -35.3104 6.6 21.5179
      vertex -35.0178 6.6 21.2724
    endloop
  endfacet
  facet normal 0 1 0
    outer loop
      vertex -35.882 6.6 20.8108
      vertex -35.0178 6.6 21.2724
      vertex -35.5789 6.6 20.5621
    endloop
  endfacet
  facet normal 0.634321 0 -0.77307
    outer loop
      vertex -35.882 6.6 23.6392
      vertex -35.882 8.4 23.6392
      vertex -35.5789 8.4 23.8879
    endloop
  endfacet
  facet normal 0 1 0
    outer loop
      vertex -35.882 6.6 23.6392
      vertex -35.5789 6.6 23.8879
      vertex -35.0178 6.6 23.1776
    endloop
  endfacet
  facet normal 0.634321 0 -0.77307
    outer loop
      vertex -35.882 6.6 23.6392
      vertex -35.5789 8.4 23.8879
      vertex -35.5789 6.6 23.8879
    endloop
  endfacet
  facet normal 0 1 -0
    outer loop
      vertex -35.882 6.6 23.6392
      vertex -35.0178 6.6 23.1776
      vertex -35.3104 6.6 22.9321
    endloop
  endfacet
  facet normal 0.634321 0 0.77307
    outer loop
      vertex -35.882 8.4 20.8108
      vertex -35.5789 6.6 20.5621
      vertex -35.5789 8.4 20.5621
    endloop
  endfacet
  facet normal -0.349447 0 -0.936956
    outer loop
      vertex -35.6102 0.849999 19.7235
      vertex -35.6102 6.4 19.7235
      vertex -35.2426 6.4 19.5864
    endloop
  endfacet
  facet normal 0 -1 0
    outer loop
      vertex -35.6102 0.849999 19.7235
      vertex -35.2426 0.849999 19.5864
      vertex -35.0178 0.849999 21.2724
    endloop
  endfacet
  facet normal -0.349447 0 -0.936956
    outer loop
      vertex -35.6102 0.849999 19.7235
      vertex -35.2426 6.4 19.5864
      vertex -35.2426 0.849999 19.5864
    endloop
  endfacet
  facet normal -0.349447 0 0.936956
    outer loop
      vertex -35.6102 0.849999 24.7265
      vertex -35.2426 0.849999 24.8636
      vertex -35.6102 6.4 24.7265
    endloop
  endfacet
  facet normal 0 -1 0
    outer loop
      vertex -35.6102 0.849999 24.7265
      vertex -35.0178 0.849999 23.1776
      vertex -35.2426 0.849999 24.8636
    endloop
  endfacet
  facet normal -0.349447 0 0.936956
    outer loop
      vertex -35.6102 6.4 24.7265
      vertex -35.2426 0.849999 24.8636
      vertex -35.2426 6.4 24.8636
    endloop
  endfacet
  facet normal 0.471634 0 0.881795
    outer loop
      vertex -35.5789 6.6 20.5621
      vertex -35.2332 6.6 20.3772
      vertex -35.5789 8.4 20.5621
    endloop
  endfacet
  facet normal 0 1 0
    outer loop
      vertex -35.5789 6.6 20.5621
      vertex -35.0178 6.6 21.2724
      vertex -35.2332 6.6 20.3772
    endloop
  endfacet
  facet normal 0.471634 0 -0.881795
    outer loop
      vertex -35.5789 6.6 23.8879
      vertex -35.5789 8.4 23.8879
      vertex -35.2332 8.4 24.0728
    endloop
  endfacet
  facet normal 0 1 0
    outer loop
      vertex -35.5789 6.6 23.8879
      vertex -35.2332 6.6 24.0728
      vertex -35.0178 6.6 23.1776
    endloop
  endfacet
  facet normal 0.471634 0 -0.881795
    outer loop
      vertex -35.5789 6.6 23.8879
      vertex -35.2332 8.4 24.0728
      vertex -35.2332 6.6 24.0728
    endloop
  endfacet
  facet normal 0.471634 0 0.881795
    outer loop
      vertex -35.5789 8.4 20.5621
      vertex -35.2332 6.6 20.3772
      vertex -35.2332 8.4 20.3772
    endloop
  endfacet
  facet normal 0.984823 0 -0.173561
    outer loop
      vertex -35.5678 0.849999 22.225
      vertex -35.5678 6.6 22.225
      vertex -35.5015 0.849999 22.6012
    endloop
  endfacet
  facet normal 0.984823 0 0.173561
    outer loop
      vertex -35.5678 0.849999 22.225
      vertex -35.5015 0.849999 21.8488
      vertex -35.5015 6.6 21.8488
    endloop
  endfacet
  facet normal 0.984823 -0 0.173561
    outer loop
      vertex -35.5678 0.849999 22.225
      vertex -35.5015 6.6 21.8488
      vertex -35.5678 6.6 22.225
    endloop
  endfacet
  facet normal 0.984823 0 -0.173561
    outer loop
      vertex -35.5678 6.6 22.225
      vertex -35.5015 6.6 22.6012
      vertex -35.5015 0.849999 22.6012
    endloop
  endfacet
  facet normal 0.865963 0 0.500108
    outer loop
      vertex -35.5015 0.849999 21.8488
      vertex -35.3104 0.849999 21.5179
      vertex -35.3104 6.6 21.5179
    endloop
  endfacet
  facet normal 0.865963 -0 0.500108
    outer loop
      vertex -35.5015 0.849999 21.8488
      vertex -35.3104 6.6 21.5179
      vertex -35.5015 6.6 21.8488
    endloop
  endfacet
  facet normal 0.865963 0 -0.500108
    outer loop
      vertex -35.5015 0.849999 22.6012
      vertex -35.5015 6.6 22.6012
      vertex -35.3104 0.849999 22.9321
    endloop
  endfacet
  facet normal 0.865963 0 -0.500108
    outer loop
      vertex -35.5015 6.6 22.6012
      vertex -35.3104 6.6 22.9321
      vertex -35.3104 0.849999 22.9321
    endloop
  endfacet
  facet normal 0.642756 0 0.766071
    outer loop
      vertex -35.3104 0.849999 21.5179
      vertex -35.0178 0.849999 21.2724
      vertex -35.3104 6.6 21.5179
    endloop
  endfacet
  facet normal 0.642756 0 -0.766071
    outer loop
      vertex -35.3104 0.849999 22.9321
      vertex -35.3104 6.6 22.9321
      vertex -35.0178 6.6 23.1776
    endloop
  endfacet
  facet normal 0.642756 0 -0.766071
    outer loop
      vertex -35.3104 0.849999 22.9321
      vertex -35.0178 6.6 23.1776
      vertex -35.0178 0.849999 23.1776
    endloop
  endfacet
  facet normal 0.642756 0 0.766071
    outer loop
      vertex -35.3104 6.6 21.5179
      vertex -35.0178 0.849999 21.2724
      vertex -35.0178 6.6 21.2724
    endloop
  endfacet
  facet normal -0.212557 0 -0.977149
    outer loop
      vertex -35.2426 0.849999 19.5864
      vertex -35.2426 6.4 19.5864
      vertex -34.8592 6.4 19.503
    endloop
  endfacet
  facet normal 0 -1 0
    outer loop
      vertex -35.2426 0.849999 19.5864
      vertex -34.8592 0.849999 19.503
      vertex -34.6588 0.849999 21.1417
    endloop
  endfacet
  facet normal -0.212557 0 -0.977149
    outer loop
      vertex -35.2426 0.849999 19.5864
      vertex -34.8592 6.4 19.503
      vertex -34.8592 0.849999 19.503
    endloop
  endfacet
  facet normal 0 -1 -0
    outer loop
      vertex -35.2426 0.849999 19.5864
      vertex -34.6588 0.849999 21.1417
      vertex -35.0178 0.849999 21.2724
    endloop
  endfacet
  facet normal 0 -1 0
    outer loop
      vertex -35.2426 0.849999 24.8636
      vertex -35.0178 0.849999 23.1776
      vertex -34.6588 0.849999 23.3083
    endloop
  endfacet
  facet normal -0.212557 0 0.977149
    outer loop
      vertex -35.2426 0.849999 24.8636
      vertex -34.8592 0.849999 24.947
      vertex -35.2426 6.4 24.8636
    endloop
  endfacet
  facet normal 0 -1 0
    outer loop
      vertex -35.2426 0.849999 24.8636
      vertex -34.6588 0.849999 23.3083
      vertex -34.8592 0.849999 24.947
    endloop
  endfacet
  facet normal -0.212557 0 0.977149
    outer loop
      vertex -35.2426 6.4 24.8636
      vertex -34.8592 0.849999 24.947
      vertex -34.8592 6.4 24.947
    endloop
  endfacet
  facet normal 0 1 0
    outer loop
      vertex -35.2332 6.6 20.3772
      vertex -35.0178 6.6 21.2724
      vertex -34.6588 6.6 21.1417
    endloop
  endfacet
  facet normal 0.290248 0 0.956951
    outer loop
      vertex -35.2332 6.6 20.3772
      vertex -34.858 6.6 20.2634
      vertex -35.2332 8.4 20.3772
    endloop
  endfacet
  facet normal 0 1 0
    outer loop
      vertex -35.2332 6.6 20.3772
      vertex -34.6588 6.6 21.1417
      vertex -34.858 6.6 20.2634
    endloop
  endfacet
  facet normal 0.290248 0 -0.956951
    outer loop
      vertex -35.2332 6.6 24.0728
      vertex -35.2332 8.4 24.0728
      vertex -34.858 8.4 24.1866
    endloop
  endfacet
  facet normal 0 1 0
    outer loop
      vertex -35.2332 6.6 24.0728
      vertex -34.858 6.6 24.1866
      vertex -34.6588 6.6 23.3083
    endloop
  endfacet
  facet normal 0.290248 0 -0.956951
    outer loop
      vertex -35.2332 6.6 24.0728
      vertex -34.858 8.4 24.1866
      vertex -34.858 6.6 24.1866
    endloop
  endfacet
  facet normal 0 1 -0
    outer loop
      vertex -35.2332 6.6 24.0728
      vertex -34.6588 6.6 23.3083
      vertex -35.0178 6.6 23.1776
    endloop
  endfacet
  facet normal 0.290248 0 0.956951
    outer loop
      vertex -35.2332 8.4 20.3772
      vertex -34.858 6.6 20.2634
      vertex -34.858 8.4 20.2634
    endloop
  endfacet
  facet normal 0.3421 0 0.939663
    outer loop
      vertex -35.0178 0.849999 21.2724
      vertex -34.6588 0.849999 21.1417
      vertex -35.0178 6.6 21.2724
    endloop
  endfacet
  facet normal 0.3421 0 -0.939663
    outer loop
      vertex -35.0178 0.849999 23.1776
      vertex -35.0178 6.6 23.1776
      vertex -34.6588 6.6 23.3083
    endloop
  endfacet
  facet normal 0.3421 0 -0.939663
    outer loop
      vertex -35.0178 0.849999 23.1776
      vertex -34.6588 6.6 23.3083
      vertex -34.6588 0.849999 23.3083
    endloop
  endfacet
  facet normal 0.3421 0 0.939663
    outer loop
      vertex -35.0178 6.6 21.2724
      vertex -34.6588 0.849999 21.1417
      vertex -34.6588 6.6 21.1417
    endloop
  endfacet
  facet normal -0.0713557 0 -0.997451
    outer loop
      vertex -34.8592 0.849999 19.503
      vertex -34.8592 6.4 19.503
      vertex -34.4678 6.4 19.475
    endloop
  endfacet
  facet normal 0 -1 0
    outer loop
      vertex -34.8592 0.849999 19.503
      vertex -34.4678 0.849999 19.475
      vertex -34.6588 0.849999 21.1417
    endloop
  endfacet
  facet normal -0.0713557 0 -0.997451
    outer loop
      vertex -34.8592 0.849999 19.503
      vertex -34.4678 6.4 19.475
      vertex -34.4678 0.849999 19.475
    endloop
  endfacet
  facet normal 0 -1 0
    outer loop
      vertex -34.8592 0.849999 24.947
      vertex -34.6588 0.849999 23.3083
      vertex -34.4678 0.849999 24.975
    endloop
  endfacet
  facet normal -0.0713557 0 0.997451
    outer loop
      vertex -34.8592 0.849999 24.947
      vertex -34.4678 0.849999 24.975
      vertex -34.8592 6.4 24.947
    endloop
  endfacet
  facet normal -0.0713557 0 0.997451
    outer loop
      vertex -34.8592 6.4 24.947
      vertex -34.4678 0.849999 24.975
      vertex -34.4678 6.4 24.975
    endloop
  endfacet
  facet normal 0 1 0
    outer loop
      vertex -34.858 6.6 20.2634
      vertex -34.6588 6.6 21.1417
      vertex -34.4678 6.6 20.225
    endloop
  endfacet
  facet normal 0.097938 0 0.995193
    outer loop
      vertex -34.858 6.6 20.2634
      vertex -34.4678 6.6 20.225
      vertex -34.858 8.4 20.2634
    endloop
  endfacet
  facet normal 0.097938 0 -0.995193
    outer loop
      vertex -34.858 6.6 24.1866
      vertex -34.858 8.4 24.1866
      vertex -34.4678 8.4 24.225
    endloop
  endfacet
  facet normal 0 1 0
    outer loop
      vertex -34.858 6.6 24.1866
      vertex -34.4678 6.6 24.225
      vertex -34.6588 6.6 23.3083
    endloop
  endfacet
  facet normal 0.097938 0 -0.995193
    outer loop
      vertex -34.858 6.6 24.1866
      vertex -34.4678 8.4 24.225
      vertex -34.4678 6.6 24.225
    endloop
  endfacet
  facet normal 0.097938 0 0.995193
    outer loop
      vertex -34.858 8.4 20.2634
      vertex -34.4678 6.6 20.225
      vertex -34.4678 8.4 20.225
    endloop
  endfacet
  facet normal 0 -1 0
    outer loop
      vertex -34.6588 0.849999 21.1417
      vertex -34.4678 0.849999 19.475
      vertex -34.2768 0.849999 21.1417
    endloop
  endfacet
  facet normal 0 0 1
    outer loop
      vertex -34.6588 0.849999 21.1417
      vertex -34.2768 0.849999 21.1417
      vertex -34.6588 6.6 21.1417
    endloop
  endfacet
  facet normal -0 0 -1
    outer loop
      vertex -34.6588 0.849999 23.3083
      vertex -34.6588 6.6 23.3083
      vertex -34.2768 6.6 23.3083
    endloop
  endfacet
  facet normal 0 -1 0
    outer loop
      vertex -34.6588 0.849999 23.3083
      vertex -34.2768 0.849999 23.3083
      vertex -34.4678 0.849999 24.975
    endloop
  endfacet
  facet normal 0 0 -1
    outer loop
      vertex -34.6588 0.849999 23.3083
      vertex -34.2768 6.6 23.3083
      vertex -34.2768 0.849999 23.3083
    endloop
  endfacet
  facet normal -0 0 1
    outer loop
      vertex -34.6588 6.6 21.1417
      vertex -34.2768 0.849999 21.1417
      vertex -34.2768 6.6 21.1417
    endloop
  endfacet
  facet normal 0 1 0
    outer loop
      vertex -34.6588 6.6 21.1417
      vertex -34.2768 6.6 21.1417
      vertex -34.4678 6.6 20.225
    endloop
  endfacet
  facet normal 0 1 0
    outer loop
      vertex -34.6588 6.6 23.3083
      vertex -34.4678 6.6 24.225
      vertex -34.2768 6.6 23.3083
    endloop
  endfacet
  facet normal 0.0713557 0 -0.997451
    outer loop
      vertex -34.4678 0.849999 19.475
      vertex -34.4678 6.4 19.475
      vertex -34.0764 6.4 19.503
    endloop
  endfacet
  facet normal 0 -1 -0
    outer loop
      vertex -34.4678 0.849999 19.475
      vertex -34.0764 0.849999 19.503
      vertex -34.2768 0.849999 21.1417
    endloop
  endfacet
  facet normal 0.0713557 0 -0.997451
    outer loop
      vertex -34.4678 0.849999 19.475
      vertex -34.0764 6.4 19.503
      vertex -34.0764 0.849999 19.503
    endloop
  endfacet
  facet normal 0 -1 0
    outer loop
      vertex -34.4678 0.849999 24.975
      vertex -34.2768 0.849999 23.3083
      vertex -34.0764 0.849999 24.947
    endloop
  endfacet
  facet normal 0.0713557 0 0.997451
    outer loop
      vertex -34.4678 0.849999 24.975
      vertex -34.0764 0.849999 24.947
      vertex -34.4678 6.4 24.975
    endloop
  endfacet
  facet normal 0.0713557 0 0.997451
    outer loop
      vertex -34.4678 6.4 24.975
      vertex -34.0764 0.849999 24.947
      vertex -34.0764 6.4 24.947
    endloop
  endfacet
  facet normal 0 1 0
    outer loop
      vertex -34.4678 6.6 20.225
      vertex -34.2768 6.6 21.1417
      vertex -34.0776 6.6 20.2634
    endloop
  endfacet
  facet normal -0.097938 0 0.995193
    outer loop
      vertex -34.4678 6.6 20.225
      vertex -34.0776 6.6 20.2634
      vertex -34.4678 8.4 20.225
    endloop
  endfacet
  facet normal -0.097938 0 -0.995193
    outer loop
      vertex -34.4678 6.6 24.225
      vertex -34.4678 8.4 24.225
      vertex -34.0776 8.4 24.1866
    endloop
  endfacet
  facet normal 0 1 -0
    outer loop
      vertex -34.4678 6.6 24.225
      vertex -34.0776 6.6 24.1866
      vertex -34.2768 6.6 23.3083
    endloop
  endfacet
  facet normal -0.097938 0 -0.995193
    outer loop
      vertex -34.4678 6.6 24.225
      vertex -34.0776 8.4 24.1866
      vertex -34.0776 6.6 24.1866
    endloop
  endfacet
  facet normal -0.097938 0 0.995193
    outer loop
      vertex -34.4678 8.4 20.225
      vertex -34.0776 6.6 20.2634
      vertex -34.0776 8.4 20.2634
    endloop
  endfacet
  facet normal 0 1 0
    outer loop
      vertex -34.4678 8.4 24.225
      vertex 50.55 8.4 51.394
      vertex -34.0776 8.4 24.1866
    endloop
  endfacet
  facet normal 0 -1 0
    outer loop
      vertex -34.2768 0.849999 21.1417
      vertex -34.0764 0.849999 19.503
      vertex -33.693 0.849999 19.5864
    endloop
  endfacet
  facet normal -0.3421 0 0.939663
    outer loop
      vertex -34.2768 0.849999 21.1417
      vertex -33.9178 0.849999 21.2724
      vertex -34.2768 6.6 21.1417
    endloop
  endfacet
  facet normal 0 -1 0
    outer loop
      vertex -34.2768 0.849999 21.1417
      vertex -33.693 0.849999 19.5864
      vertex -33.9178 0.849999 21.2724
    endloop
  endfacet
  facet normal -0.3421 0 -0.939663
    outer loop
      vertex -34.2768 0.849999 23.3083
      vertex -34.2768 6.6 23.3083
      vertex -33.9178 6.6 23.1776
    endloop
  endfacet
  facet normal 0 -1 0
    outer loop
      vertex -34.2768 0.849999 23.3083
      vertex -33.9178 0.849999 23.1776
      vertex -33.693 0.849999 24.8636
    endloop
  endfacet
  facet normal -0.3421 0 -0.939663
    outer loop
      vertex -34.2768 0.849999 23.3083
      vertex -33.9178 6.6 23.1776
      vertex -33.9178 0.849999 23.1776
    endloop
  endfacet
  facet normal 0 -1 -0
    outer loop
      vertex -34.2768 0.849999 23.3083
      vertex -33.693 0.849999 24.8636
      vertex -34.0764 0.849999 24.947
    endloop
  endfacet
  facet normal -0.3421 0 0.939663
    outer loop
      vertex -34.2768 6.6 21.1417
      vertex -33.9178 0.849999 21.2724
      vertex -33.9178 6.6 21.2724
    endloop
  endfacet
  facet normal 0 1 0
    outer loop
      vertex -34.2768 6.6 21.1417
      vertex -33.9178 6.6 21.2724
      vertex -33.7024 6.6 20.3772
    endloop
  endfacet
  facet normal 0 1 -0
    outer loop
      vertex -34.2768 6.6 21.1417
      vertex -33.7024 6.6 20.3772
      vertex -34.0776 6.6 20.2634
    endloop
  endfacet
  facet normal 0 1 0
    outer loop
      vertex -34.2768 6.6 23.3083
      vertex -34.0776 6.6 24.1866
      vertex -33.7024 6.6 24.0728
    endloop
  endfacet
  facet normal 0 1 0
    outer loop
      vertex -34.2768 6.6 23.3083
      vertex -33.7024 6.6 24.0728
      vertex -33.9178 6.6 23.1776
    endloop
  endfacet
  facet normal -0.290248 0 0.956951
    outer loop
      vertex -34.0776 6.6 20.2634
      vertex -33.7024 6.6 20.3772
      vertex -34.0776 8.4 20.2634
    endloop
  endfacet
  facet normal -0.290248 0 -0.956951
    outer loop
      vertex -34.0776 6.6 24.1866
      vertex -34.0776 8.4 24.1866
      vertex -33.7024 8.4 24.0728
    endloop
  endfacet
  facet normal -0.290248 0 -0.956951
    outer loop
      vertex -34.0776 6.6 24.1866
      vertex -33.7024 8.4 24.0728
      vertex -33.7024 6.6 24.0728
    endloop
  endfacet
  facet normal -0.290248 0 0.956951
    outer loop
      vertex -34.0776 8.4 20.2634
      vertex -33.7024 6.6 20.3772
      vertex -33.7024 8.4 20.3772
    endloop
  endfacet
  facet normal 0 1 0
    outer loop
      vertex -34.0776 8.4 24.1866
      vertex 50.55 8.4 51.394
      vertex -33.7024 8.4 24.0728
    endloop
  endfacet
  facet normal 0.212557 0 -0.977149
    outer loop
      vertex -34.0764 0.849999 19.503
      vertex -34.0764 6.4 19.503
      vertex -33.693 6.4 19.5864
    endloop
  endfacet
  facet normal 0.212557 0 -0.977149
    outer loop
      vertex -34.0764 0.849999 19.503
      vertex -33.693 6.4 19.5864
      vertex -33.693 0.849999 19.5864
    endloop
  endfacet
  facet normal 0.212557 0 0.977149
    outer loop
      vertex -34.0764 0.849999 24.947
      vertex -33.693 0.849999 24.8636
      vertex -34.0764 6.4 24.947
    endloop
  endfacet
  facet normal 0 -1 0
    outer loop
      vertex -34.0764 6.4 19.503
      vertex 50.55 6.4 14.9352
      vertex -33.693 6.4 19.5864
    endloop
  endfacet
  facet normal 0.212557 0 0.977149
    outer loop
      vertex -34.0764 6.4 24.947
      vertex -33.693 0.849999 24.8636
      vertex -33.693 6.4 24.8636
    endloop
  endfacet
  facet normal 0 -1 0
    outer loop
      vertex -33.9178 0.849999 21.2724
      vertex -33.693 0.849999 19.5864
      vertex -33.3254 0.849999 19.7235
    endloop
  endfacet
  facet normal -0.642756 0 0.766071
    outer loop
      vertex -33.9178 0.849999 21.2724
      vertex -33.6252 0.849999 21.5179
      vertex -33.9178 6.6 21.2724
    endloop
  endfacet
  facet normal 0 -1 0
    outer loop
      vertex -33.9178 0.849999 21.2724
      vertex -33.3254 0.849999 19.7235
      vertex -32.981 0.849999 19.9116
    endloop
  endfacet
  facet normal 0 -1 0
    outer loop
      vertex -33.9178 0.849999 21.2724
      vertex -32.981 0.849999 19.9116
      vertex -32.6669 0.849999 20.1467
    endloop
  endfacet
  facet normal 0 -1 0
    outer loop
      vertex -33.9178 0.849999 21.2724
      vertex -32.6669 0.849999 20.1467
      vertex -33.6252 0.849999 21.5179
    endloop
  endfacet
  facet normal -0.642756 0 -0.766071
    outer loop
      vertex -33.9178 0.849999 23.1776
      vertex -33.9178 6.6 23.1776
      vertex -33.6252 6.6 22.9321
    endloop
  endfacet
  facet normal 0 -1 0
    outer loop
      vertex -33.9178 0.849999 23.1776
      vertex -33.6252 0.849999 22.9321
      vertex -32.6669 0.849999 24.3033
    endloop
  endfacet
  facet normal -0.642756 0 -0.766071
    outer loop
      vertex -33.9178 0.849999 23.1776
      vertex -33.6252 6.6 22.9321
      vertex -33.6252 0.849999 22.9321
    endloop
  endfacet
  facet normal 0 -1 -0
    outer loop
      vertex -33.9178 0.849999 23.1776
      vertex -33.3254 0.849999 24.7265
      vertex -33.693 0.849999 24.8636
    endloop
  endfacet
  facet normal 0 -1 -0
    outer loop
      vertex -33.9178 0.849999 23.1776
      vertex -32.981 0.849999 24.5384
      vertex -33.3254 0.849999 24.7265
    endloop
  endfacet
  facet normal 0 -1 -0
    outer loop
      vertex -33.9178 0.849999 23.1776
      vertex -32.6669 0.849999 24.3033
      vertex -32.981 0.849999 24.5384
    endloop
  endfacet
  facet normal -0.642756 0 0.766071
    outer loop
      vertex -33.9178 6.6 21.2724
      vertex -33.6252 0.849999 21.5179
      vertex -33.6252 6.6 21.5179
    endloop
  endfacet
  facet normal 0 1 0
    outer loop
      vertex -33.9178 6.6 21.2724
      vertex -33.6252 6.6 21.5179
      vertex -33.0536 6.6 20.8108
    endloop
  endfacet
  facet normal 0 1 -0
    outer loop
      vertex -33.9178 6.6 21.2724
      vertex -33.3567 6.6 20.5621
      vertex -33.7024 6.6 20.3772
    endloop
  endfacet
  facet normal 0 1 -0
    outer loop
      vertex -33.9178 6.6 21.2724
      vertex -33.0536 6.6 20.8108
      vertex -33.3567 6.6 20.5621
    endloop
  endfacet
  facet normal 0 1 0
    outer loop
      vertex -33.9178 6.6 23.1776
      vertex -33.7024 6.6 24.0728
      vertex -33.3567 6.6 23.8879
    endloop
  endfacet
  facet normal 0 1 0
    outer loop
      vertex -33.9178 6.6 23.1776
      vertex -33.3567 6.6 23.8879
      vertex -33.0536 6.6 23.6392
    endloop
  endfacet
  facet normal 0 1 0
    outer loop
      vertex -33.9178 6.6 23.1776
      vertex -33.0536 6.6 23.6392
      vertex -33.6252 6.6 22.9321
    endloop
  endfacet
  facet normal -0.471634 0 0.881795
    outer loop
      vertex -33.7024 6.6 20.3772
      vertex -33.3567 6.6 20.5621
      vertex -33.7024 8.4 20.3772
    endloop
  endfacet
  facet normal -0.471634 0 -0.881795
    outer loop
      vertex -33.7024 6.6 24.0728
      vertex -33.7024 8.4 24.0728
      vertex -33.3567 8.4 23.8879
    endloop
  endfacet
  facet normal -0.471634 0 -0.881795
    outer loop
      vertex -33.7024 6.6 24.0728
      vertex -33.3567 8.4 23.8879
      vertex -33.3567 6.6 23.8879
    endloop
  endfacet
  facet normal -0.471634 0 0.881795
    outer loop
      vertex -33.7024 8.4 20.3772
      vertex -33.3567 6.6 20.5621
      vertex -33.3567 8.4 20.5621
    endloop
  endfacet
  facet normal 0 1 0
    outer loop
      vertex -33.7024 8.4 24.0728
      vertex 50.55 8.4 51.394
      vertex -33.3567 8.4 23.8879
    endloop
  endfacet
  facet normal 0.349447 0 -0.936956
    outer loop
      vertex -33.693 0.849999 19.5864
      vertex -33.693 6.4 19.5864
      vertex -33.3254 6.4 19.7235
    endloop
  endfacet
  facet normal 0.349447 0 -0.936956
    outer loop
      vertex -33.693 0.849999 19.5864
      vertex -33.3254 6.4 19.7235
      vertex -33.3254 0.849999 19.7235
    endloop
  endfacet
  facet normal 0.349447 0 0.936956
    outer loop
      vertex -33.693 0.849999 24.8636
      vertex -33.3254 0.849999 24.7265
      vertex -33.693 6.4 24.8636
    endloop
  endfacet
  facet normal 0 -1 0
    outer loop
      vertex -33.693 6.4 19.5864
      vertex 34.824 6.4 19.7235
      vertex -33.3254 6.4 19.7235
    endloop
  endfacet
  facet normal 0 -1 0
    outer loop
      vertex -33.693 6.4 19.5864
      vertex 35.1916 6.4 19.5864
      vertex 34.824 6.4 19.7235
    endloop
  endfacet
  facet normal 0 -1 0
    outer loop
      vertex -33.693 6.4 19.5864
      vertex 50.55 6.4 14.9352
      vertex 35.1916 6.4 19.5864
    endloop
  endfacet
  facet normal 0.349447 0 0.936956
    outer loop
      vertex -33.693 6.4 24.8636
      vertex -33.3254 0.849999 24.7265
      vertex -33.3254 6.4 24.7265
    endloop
  endfacet
  facet normal -0.865963 0 0.500108
    outer loop
      vertex -33.6252 0.849999 21.5179
      vertex -33.4341 0.849999 21.8488
      vertex -33.4341 6.6 21.8488
    endloop
  endfacet
  facet normal -0.865963 0 0.500108
    outer loop
      vertex -33.6252 0.849999 21.5179
      vertex -33.4341 6.6 21.8488
      vertex -33.6252 6.6 21.5179
    endloop
  endfacet
  facet normal 0 -1 0
    outer loop
      vertex -33.6252 0.849999 21.5179
      vertex -32.6669 0.849999 20.1467
      vertex -32.3895 0.849999 20.4241
    endloop
  endfacet
  facet normal 0 -1 0
    outer loop
      vertex -33.6252 0.849999 21.5179
      vertex -32.3895 0.849999 20.4241
      vertex -32.1544 0.849999 20.7382
    endloop
  endfacet
  facet normal 0 -1 0
    outer loop
      vertex -33.6252 0.849999 21.5179
      vertex -32.1544 0.849999 20.7382
      vertex -33.4341 0.849999 21.8488
    endloop
  endfacet
  facet normal -0.865963 -0 -0.500108
    outer loop
      vertex -33.6252 0.849999 22.9321
      vertex -33.6252 6.6 22.9321
      vertex -33.4341 0.849999 22.6012
    endloop
  endfacet
  facet normal 0 -1 0
    outer loop
      vertex -33.6252 0.849999 22.9321
      vertex -33.4341 0.849999 22.6012
      vertex -32.1544 0.849999 23.7118
    endloop
  endfacet
  facet normal 0 -1 -0
    outer loop
      vertex -33.6252 0.849999 22.9321
      vertex -32.3895 0.849999 24.0259
      vertex -32.6669 0.849999 24.3033
    endloop
  endfacet
  facet normal 0 -1 -0
    outer loop
      vertex -33.6252 0.849999 22.9321
      vertex -32.1544 0.849999 23.7118
      vertex -32.3895 0.849999 24.0259
    endloop
  endfacet
  facet normal 0 1 0
    outer loop
      vertex -33.6252 6.6 21.5179
      vertex -33.4341 6.6 21.8488
      vertex -32.8049 6.6 21.1139
    endloop
  endfacet
  facet normal 0 1 -0
    outer loop
      vertex -33.6252 6.6 21.5179
      vertex -32.8049 6.6 21.1139
      vertex -33.0536 6.6 20.8108
    endloop
  endfacet
  facet normal -0.865963 0 -0.500108
    outer loop
      vertex -33.6252 6.6 22.9321
      vertex -33.4341 6.6 22.6012
      vertex -33.4341 0.849999 22.6012
    endloop
  endfacet
  facet normal 0 1 0
    outer loop
      vertex -33.6252 6.6 22.9321
      vertex -33.0536 6.6 23.6392
      vertex -32.8049 6.6 23.3361
    endloop
  endfacet
  facet normal 0 1 0
    outer loop
      vertex -33.6252 6.6 22.9321
      vertex -32.8049 6.6 23.3361
      vertex -33.4341 6.6 22.6012
    endloop
  endfacet
  facet normal -0.984823 0 0.173561
    outer loop
      vertex -33.4341 0.849999 21.8488
      vertex -33.3678 0.849999 22.225
      vertex -33.3678 6.6 22.225
    endloop
  endfacet
  facet normal -0.984823 0 0.173561
    outer loop
      vertex -33.4341 0.849999 21.8488
      vertex -33.3678 6.6 22.225
      vertex -33.4341 6.6 21.8488
    endloop
  endfacet
  facet normal 0 -1 0
    outer loop
      vertex -33.4341 0.849999 21.8488
      vertex -32.1544 0.849999 20.7382
      vertex -31.9663 0.849999 21.0826
    endloop
  endfacet
  facet normal 0 -1 0
    outer loop
      vertex -33.4341 0.849999 21.8488
      vertex -31.9663 0.849999 21.0826
      vertex -31.8292 0.849999 21.4502
    endloop
  endfacet
  facet normal 0 -1 0
    outer loop
      vertex -33.4341 0.849999 21.8488
      vertex -31.8292 0.849999 21.4502
      vertex -31.7458 0.849999 21.8336
    endloop
  endfacet
  facet normal 0 -1 0
    outer loop
      vertex -33.4341 0.849999 21.8488
      vertex -31.7458 0.849999 21.8336
      vertex -33.3678 0.849999 22.225
    endloop
  endfacet
  facet normal -0.984823 -0 -0.173561
    outer loop
      vertex -33.4341 0.849999 22.6012
      vertex -33.4341 6.6 22.6012
      vertex -33.3678 0.849999 22.225
    endloop
  endfacet
  facet normal 0 -1 0
    outer loop
      vertex -33.4341 0.849999 22.6012
      vertex -33.3678 0.849999 22.225
      vertex -31.7458 0.849999 22.6164
    endloop
  endfacet
  facet normal 0 -1 -0
    outer loop
      vertex -33.4341 0.849999 22.6012
      vertex -31.9663 0.849999 23.3674
      vertex -32.1544 0.849999 23.7118
    endloop
  endfacet
  facet normal 0 -1 -0
    outer loop
      vertex -33.4341 0.849999 22.6012
      vertex -31.8292 0.849999 22.9998
      vertex -31.9663 0.849999 23.3674
    endloop
  endfacet
  facet normal 0 -1 -0
    outer loop
      vertex -33.4341 0.849999 22.6012
      vertex -31.7458 0.849999 22.6164
      vertex -31.8292 0.849999 22.9998
    endloop
  endfacet
  facet normal 0 1 0
    outer loop
      vertex -33.4341 6.6 21.8488
      vertex -33.3678 6.6 22.225
      vertex -32.5062 6.6 21.8348
    endloop
  endfacet
  facet normal 0 1 -0
    outer loop
      vertex -33.4341 6.6 21.8488
      vertex -32.62 6.6 21.4596
      vertex -32.8049 6.6 21.1139
    endloop
  endfacet
  facet normal 0 1 -0
    outer loop
      vertex -33.4341 6.6 21.8488
      vertex -32.5062 6.6 21.8348
      vertex -32.62 6.6 21.4596
    endloop
  endfacet
  facet normal -0.984823 0 -0.173561
    outer loop
      vertex -33.4341 6.6 22.6012
      vertex -33.3678 6.6 22.225
      vertex -33.3678 0.849999 22.225
    endloop
  endfacet
  facet normal 0 1 0
    outer loop
      vertex -33.4341 6.6 22.6012
      vertex -32.8049 6.6 23.3361
      vertex -32.62 6.6 22.9904
    endloop
  endfacet
  facet normal 0 1 0
    outer loop
      vertex -33.4341 6.6 22.6012
      vertex -32.62 6.6 22.9904
      vertex -32.5062 6.6 22.6152
    endloop
  endfacet
  facet normal 0 1 0
    outer loop
      vertex -33.4341 6.6 22.6012
      vertex -32.5062 6.6 22.6152
      vertex -33.3678 6.6 22.225
    endloop
  endfacet
  facet normal 0 -1 0
    outer loop
      vertex -33.3678 0.849999 22.225
      vertex -31.7458 0.849999 21.8336
      vertex -31.7178 0.849999 22.225
    endloop
  endfacet
  facet normal 0 -1 0
    outer loop
      vertex -33.3678 0.849999 22.225
      vertex -31.7178 0.849999 22.225
      vertex -31.7458 0.849999 22.6164
    endloop
  endfacet
  facet normal 0 1 0
    outer loop
      vertex -33.3678 6.6 22.225
      vertex -32.5062 6.6 22.6152
      vertex -32.4678 6.6 22.225
    endloop
  endfacet
  facet normal 0 1 -0
    outer loop
      vertex -33.3678 6.6 22.225
      vertex -32.4678 6.6 22.225
      vertex -32.5062 6.6 21.8348
    endloop
  endfacet
  facet normal -0.634321 0 0.77307
    outer loop
      vertex -33.3567 6.6 20.5621
      vertex -33.0536 6.6 20.8108
      vertex -33.3567 8.4 20.5621
    endloop
  endfacet
  facet normal -0.634321 0 -0.77307
    outer loop
      vertex -33.3567 6.6 23.8879
      vertex -33.3567 8.4 23.8879
      vertex -33.0536 8.4 23.6392
    endloop
  endfacet
  facet normal -0.634321 0 -0.77307
    outer loop
      vertex -33.3567 6.6 23.8879
      vertex -33.0536 8.4 23.6392
      vertex -33.0536 6.6 23.6392
    endloop
  endfacet
  facet normal -0.634321 0 0.77307
    outer loop
      vertex -33.3567 8.4 20.5621
      vertex -33.0536 6.6 20.8108
      vertex -33.0536 8.4 20.8108
    endloop
  endfacet
  facet normal 0 1 0
    outer loop
      vertex -33.3567 8.4 20.5621
      vertex -33.0536 8.4 20.8108
      vertex 34.8553 8.4 20.5621
    endloop
  endfacet
  facet normal 0 1 0
    outer loop
      vertex -33.3567 8.4 20.5621
      vertex 34.8553 8.4 20.5621
      vertex 53.05 8.4 -5.995
    endloop
  endfacet
  facet normal 0 1 0
    outer loop
      vertex -33.3567 8.4 23.8879
      vertex 50.55 8.4 51.394
      vertex -33.0536 8.4 23.6392
    endloop
  endfacet
  facet normal 0.479334 0 -0.877632
    outer loop
      vertex -33.3254 0.849999 19.7235
      vertex -33.3254 6.4 19.7235
      vertex -32.981 6.4 19.9116
    endloop
  endfacet
  facet normal 0.479334 0 -0.877632
    outer loop
      vertex -33.3254 0.849999 19.7235
      vertex -32.981 6.4 19.9116
      vertex -32.981 0.849999 19.9116
    endloop
  endfacet
  facet normal 0.479334 0 0.877632
    outer loop
      vertex -33.3254 0.849999 24.7265
      vertex -32.981 0.849999 24.5384
      vertex -33.3254 6.4 24.7265
    endloop
  endfacet
  facet normal 0 -1 0
    outer loop
      vertex -33.3254 6.4 19.7235
      vertex 34.4796 6.4 19.9116
      vertex -32.981 6.4 19.9116
    endloop
  endfacet
  facet normal 0 -1 0
    outer loop
      vertex -33.3254 6.4 19.7235
      vertex 34.824 6.4 19.7235
      vertex 34.4796 6.4 19.9116
    endloop
  endfacet
  facet normal 0.479334 0 0.877632
    outer loop
      vertex -33.3254 6.4 24.7265
      vertex -32.981 0.849999 24.5384
      vertex -32.981 6.4 24.5384
    endloop
  endfacet
  facet normal -0.77307 0 0.634321
    outer loop
      vertex -33.0536 6.6 20.8108
      vertex -32.8049 6.6 21.1139
      vertex -32.8049 8.4 21.1139
    endloop
  endfacet
  facet normal -0.77307 0 0.634321
    outer loop
      vertex -33.0536 6.6 20.8108
      vertex -32.8049 8.4 21.1139
      vertex -33.0536 8.4 20.8108
    endloop
  endfacet
  facet normal -0.77307 -0 -0.634321
    outer loop
      vertex -33.0536 6.6 23.6392
      vertex -33.0536 8.4 23.6392
      vertex -32.8049 6.6 23.3361
    endloop
  endfacet
  facet normal 0 1 0
    outer loop
      vertex -33.0536 8.4 20.8108
      vertex -32.8049 8.4 21.1139
      vertex 34.5522 8.4 20.8108
    endloop
  endfacet
  facet normal 0 1 0
    outer loop
      vertex -33.0536 8.4 20.8108
      vertex 34.5522 8.4 20.8108
      vertex 34.8553 8.4 20.5621
    endloop
  endfacet
  facet normal -0.77307 0 -0.634321
    outer loop
      vertex -33.0536 8.4 23.6392
      vertex -32.8049 8.4 23.3361
      vertex -32.8049 6.6 23.3361
    endloop
  endfacet
  facet normal 0 1 0
    outer loop
      vertex -33.0536 8.4 23.6392
      vertex 34.3035 8.4 23.3361
      vertex -32.8049 8.4 23.3361
    endloop
  endfacet
  facet normal 0 1 -0
    outer loop
      vertex -33.0536 8.4 23.6392
      vertex 34.5522 8.4 23.6392
      vertex 34.3035 8.4 23.3361
    endloop
  endfacet
  facet normal 0 1 0
    outer loop
      vertex -33.0536 8.4 23.6392
      vertex 50.55 8.4 51.394
      vertex 34.5522 8.4 23.6392
    endloop
  endfacet
  facet normal 0.599225 0 -0.800581
    outer loop
      vertex -32.981 0.849999 19.9116
      vertex -32.981 6.4 19.9116
      vertex -32.6669 6.4 20.1467
    endloop
  endfacet
  facet normal 0.599225 0 -0.800581
    outer loop
      vertex -32.981 0.849999 19.9116
      vertex -32.6669 6.4 20.1467
      vertex -32.6669 0.849999 20.1467
    endloop
  endfacet
  facet normal 0.599225 0 0.800581
    outer loop
      vertex -32.981 0.849999 24.5384
      vertex -32.6669 0.849999 24.3033
      vertex -32.981 6.4 24.5384
    endloop
  endfacet
  facet normal 0 -1 0
    outer loop
      vertex -32.981 6.4 19.9116
      vertex 34.1655 6.4 20.1467
      vertex -32.6669 6.4 20.1467
    endloop
  endfacet
  facet normal 0 -1 0
    outer loop
      vertex -32.981 6.4 19.9116
      vertex 34.4796 6.4 19.9116
      vertex 34.1655 6.4 20.1467
    endloop
  endfacet
  facet normal 0.599225 0 0.800581
    outer loop
      vertex -32.981 6.4 24.5384
      vertex -32.6669 0.849999 24.3033
      vertex -32.6669 6.4 24.3033
    endloop
  endfacet
  facet normal -0.881795 0 0.471634
    outer loop
      vertex -32.8049 6.6 21.1139
      vertex -32.62 6.6 21.4596
      vertex -32.62 8.4 21.4596
    endloop
  endfacet
  facet normal -0.881795 0 0.471634
    outer loop
      vertex -32.8049 6.6 21.1139
      vertex -32.62 8.4 21.4596
      vertex -32.8049 8.4 21.1139
    endloop
  endfacet
  facet normal -0.881795 -0 -0.471634
    outer loop
      vertex -32.8049 6.6 23.3361
      vertex -32.8049 8.4 23.3361
      vertex -32.62 6.6 22.9904
    endloop
  endfacet
  facet normal 0 1 0
    outer loop
      vertex -32.8049 8.4 21.1139
      vertex -32.62 8.4 21.4596
      vertex 34.3035 8.4 21.1139
    endloop
  endfacet
  facet normal 0 1 0
    outer loop
      vertex -32.8049 8.4 21.1139
      vertex 34.3035 8.4 21.1139
      vertex 34.5522 8.4 20.8108
    endloop
  endfacet
  facet normal -0.881795 0 -0.471634
    outer loop
      vertex -32.8049 8.4 23.3361
      vertex -32.62 8.4 22.9904
      vertex -32.62 6.6 22.9904
    endloop
  endfacet
  facet normal 0 1 0
    outer loop
      vertex -32.8049 8.4 23.3361
      vertex 34.1186 8.4 22.9904
      vertex -32.62 8.4 22.9904
    endloop
  endfacet
  facet normal 0 1 -0
    outer loop
      vertex -32.8049 8.4 23.3361
      vertex 34.3035 8.4 23.3361
      vertex 34.1186 8.4 22.9904
    endloop
  endfacet
  facet normal 0.707107 0 -0.707107
    outer loop
      vertex -32.6669 0.849999 20.1467
      vertex -32.6669 6.4 20.1467
      vertex -32.3895 0.849999 20.4241
    endloop
  endfacet
  facet normal 0.707107 0 0.707107
    outer loop
      vertex -32.6669 0.849999 24.3033
      vertex -32.3895 0.849999 24.0259
      vertex -32.3895 6.4 24.0259
    endloop
  endfacet
  facet normal 0.707107 -0 0.707107
    outer loop
      vertex -32.6669 0.849999 24.3033
      vertex -32.3895 6.4 24.0259
      vertex -32.6669 6.4 24.3033
    endloop
  endfacet
  facet normal 0.707107 0 -0.707107
    outer loop
      vertex -32.6669 6.4 20.1467
      vertex -32.3895 6.4 20.4241
      vertex -32.3895 0.849999 20.4241
    endloop
  endfacet
  facet normal 0 -1 0
    outer loop
      vertex -32.6669 6.4 20.1467
      vertex 33.8881 6.4 20.4241
      vertex -32.3895 6.4 20.4241
    endloop
  endfacet
  facet normal 0 -1 0
    outer loop
      vertex -32.6669 6.4 20.1467
      vertex 34.1655 6.4 20.1467
      vertex 33.8881 6.4 20.4241
    endloop
  endfacet
  facet normal 0 -1 0
    outer loop
      vertex -32.6669 6.4 24.3033
      vertex -32.3895 6.4 24.0259
      vertex 34.1655 6.4 24.3033
    endloop
  endfacet
  facet normal 0 -1 0
    outer loop
      vertex -32.6669 6.4 24.3033
      vertex 34.1655 6.4 24.3033
      vertex 50.55 6.4 51.394
    endloop
  endfacet
  facet normal -0.956951 0 0.290248
    outer loop
      vertex -32.62 6.6 21.4596
      vertex -32.5062 6.6 21.8348
      vertex -32.5062 8.4 21.8348
    endloop
  endfacet
  facet normal -0.956951 0 0.290248
    outer loop
      vertex -32.62 6.6 21.4596
      vertex -32.5062 8.4 21.8348
      vertex -32.62 8.4 21.4596
    endloop
  endfacet
  facet normal -0.956951 -0 -0.290248
    outer loop
      vertex -32.62 6.6 22.9904
      vertex -32.62 8.4 22.9904
      vertex -32.5062 6.6 22.6152
    endloop
  endfacet
  facet normal 0 1 0
    outer loop
      vertex -32.62 8.4 21.4596
      vertex -32.5062 8.4 21.8348
      vertex 34.1186 8.4 21.4596
    endloop
  endfacet
  facet normal 0 1 0
    outer loop
      vertex -32.62 8.4 21.4596
      vertex 34.1186 8.4 21.4596
      vertex 34.3035 8.4 21.1139
    endloop
  endfacet
  facet normal -0.956951 0 -0.290248
    outer loop
      vertex -32.62 8.4 22.9904
      vertex -32.5062 8.4 22.6152
      vertex -32.5062 6.6 22.6152
    endloop
  endfacet
  facet normal 0 1 0
    outer loop
      vertex -32.62 8.4 22.9904
      vertex 34.0048 8.4 22.6152
      vertex -32.5062 8.4 22.6152
    endloop
  endfacet
  facet normal 0 1 -0
    outer loop
      vertex -32.62 8.4 22.9904
      vertex 34.1186 8.4 22.9904
      vertex 34.0048 8.4 22.6152
    endloop
  endfacet
  facet normal -0.995193 0 0.097938
    outer loop
      vertex -32.5062 6.6 21.8348
      vertex -32.4678 6.6 22.225
      vertex -32.4678 8.4 22.225
    endloop
  endfacet
  facet normal -0.995193 0 0.097938
    outer loop
      vertex -32.5062 6.6 21.8348
      vertex -32.4678 8.4 22.225
      vertex -32.5062 8.4 21.8348
    endloop
  endfacet
  facet normal -0.995193 -0 -0.097938
    outer loop
      vertex -32.5062 6.6 22.6152
      vertex -32.5062 8.4 22.6152
      vertex -32.4678 6.6 22.225
    endloop
  endfacet
  facet normal 0 1 0
    outer loop
      vertex -32.5062 8.4 21.8348
      vertex -32.4678 8.4 22.225
      vertex 34.0048 8.4 21.8348
    endloop
  endfacet
  facet normal 0 1 0
    outer loop
      vertex -32.5062 8.4 21.8348
      vertex 34.0048 8.4 21.8348
      vertex 34.1186 8.4 21.4596
    endloop
  endfacet
  facet normal -0.995193 0 -0.097938
    outer loop
      vertex -32.5062 8.4 22.6152
      vertex -32.4678 8.4 22.225
      vertex -32.4678 6.6 22.225
    endloop
  endfacet
  facet normal 0 1 0
    outer loop
      vertex -32.5062 8.4 22.6152
      vertex 33.9664 8.4 22.225
      vertex -32.4678 8.4 22.225
    endloop
  endfacet
  facet normal 0 1 -0
    outer loop
      vertex -32.5062 8.4 22.6152
      vertex 34.0048 8.4 22.6152
      vertex 33.9664 8.4 22.225
    endloop
  endfacet
  facet normal 0 1 0
    outer loop
      vertex -32.4678 8.4 22.225
      vertex 33.9664 8.4 22.225
      vertex 34.0048 8.4 21.8348
    endloop
  endfacet
  facet normal 0.800581 0 -0.599225
    outer loop
      vertex -32.3895 0.849999 20.4241
      vertex -32.3895 6.4 20.4241
      vertex -32.1544 0.849999 20.7382
    endloop
  endfacet
  facet normal 0.800581 0 0.599225
    outer loop
      vertex -32.3895 0.849999 24.0259
      vertex -32.1544 0.849999 23.7118
      vertex -32.1544 6.4 23.7118
    endloop
  endfacet
  facet normal 0.800581 -0 0.599225
    outer loop
      vertex -32.3895 0.849999 24.0259
      vertex -32.1544 6.4 23.7118
      vertex -32.3895 6.4 24.0259
    endloop
  endfacet
  facet normal 0.800581 0 -0.599225
    outer loop
      vertex -32.3895 6.4 20.4241
      vertex -32.1544 6.4 20.7382
      vertex -32.1544 0.849999 20.7382
    endloop
  endfacet
  facet normal 0 -1 0
    outer loop
      vertex -32.3895 6.4 20.4241
      vertex 33.653 6.4 20.7382
      vertex -32.1544 6.4 20.7382
    endloop
  endfacet
  facet normal 0 -1 0
    outer loop
      vertex -32.3895 6.4 20.4241
      vertex 33.8881 6.4 20.4241
      vertex 33.653 6.4 20.7382
    endloop
  endfacet
  facet normal 0 -1 0
    outer loop
      vertex -32.3895 6.4 24.0259
      vertex -32.1544 6.4 23.7118
      vertex 33.8881 6.4 24.0259
    endloop
  endfacet
  facet normal 0 -1 0
    outer loop
      vertex -32.3895 6.4 24.0259
      vertex 33.8881 6.4 24.0259
      vertex 34.1655 6.4 24.3033
    endloop
  endfacet
  facet normal 0.877632 0 -0.479334
    outer loop
      vertex -32.1544 0.849999 20.7382
      vertex -32.1544 6.4 20.7382
      vertex -31.9663 0.849999 21.0826
    endloop
  endfacet
  facet normal 0.877632 0 0.479334
    outer loop
      vertex -32.1544 0.849999 23.7118
      vertex -31.9663 0.849999 23.3674
      vertex -31.9663 6.4 23.3674
    endloop
  endfacet
  facet normal 0.877632 -0 0.479334
    outer loop
      vertex -32.1544 0.849999 23.7118
      vertex -31.9663 6.4 23.3674
      vertex -32.1544 6.4 23.7118
    endloop
  endfacet
  facet normal 0.877632 0 -0.479334
    outer loop
      vertex -32.1544 6.4 20.7382
      vertex -31.9663 6.4 21.0826
      vertex -31.9663 0.849999 21.0826
    endloop
  endfacet
  facet normal 0 -1 0
    outer loop
      vertex -32.1544 6.4 20.7382
      vertex 33.4649 6.4 21.0826
      vertex -31.9663 6.4 21.0826
    endloop
  endfacet
  facet normal 0 -1 0
    outer loop
      vertex -32.1544 6.4 20.7382
      vertex 33.653 6.4 20.7382
      vertex 33.4649 6.4 21.0826
    endloop
  endfacet
  facet normal 0 -1 0
    outer loop
      vertex -32.1544 6.4 23.7118
      vertex -31.9663 6.4 23.3674
      vertex 33.653 6.4 23.7118
    endloop
  endfacet
  facet normal 0 -1 0
    outer loop
      vertex -32.1544 6.4 23.7118
      vertex 33.653 6.4 23.7118
      vertex 33.8881 6.4 24.0259
    endloop
  endfacet
  facet normal 0.936956 0 -0.349447
    outer loop
      vertex -31.9663 0.849999 21.0826
      vertex -31.9663 6.4 21.0826
      vertex -31.8292 0.849999 21.4502
    endloop
  endfacet
  facet normal 0.936956 0 0.349447
    outer loop
      vertex -31.9663 0.849999 23.3674
      vertex -31.8292 0.849999 22.9998
      vertex -31.8292 6.4 22.9998
    endloop
  endfacet
  facet normal 0.936956 -0 0.349447
    outer loop
      vertex -31.9663 0.849999 23.3674
      vertex -31.8292 6.4 22.9998
      vertex -31.9663 6.4 23.3674
    endloop
  endfacet
  facet normal 0.936956 0 -0.349447
    outer loop
      vertex -31.9663 6.4 21.0826
      vertex -31.8292 6.4 21.4502
      vertex -31.8292 0.849999 21.4502
    endloop
  endfacet
  facet normal 0 -1 0
    outer loop
      vertex -31.9663 6.4 21.0826
      vertex 33.3278 6.4 21.4502
      vertex -31.8292 6.4 21.4502
    endloop
  endfacet
  facet normal 0 -1 0
    outer loop
      vertex -31.9663 6.4 21.0826
      vertex 33.4649 6.4 21.0826
      vertex 33.3278 6.4 21.4502
    endloop
  endfacet
  facet normal 0 -1 0
    outer loop
      vertex -31.9663 6.4 23.3674
      vertex -31.8292 6.4 22.9998
      vertex 33.4649 6.4 23.3674
    endloop
  endfacet
  facet normal 0 -1 0
    outer loop
      vertex -31.9663 6.4 23.3674
      vertex 33.4649 6.4 23.3674
      vertex 33.653 6.4 23.7118
    endloop
  endfacet
  facet normal 0.977149 0 -0.212557
    outer loop
      vertex -31.8292 0.849999 21.4502
      vertex -31.8292 6.4 21.4502
      vertex -31.7458 0.849999 21.8336
    endloop
  endfacet
  facet normal 0.977149 0 0.212557
    outer loop
      vertex -31.8292 0.849999 22.9998
      vertex -31.7458 0.849999 22.6164
      vertex -31.7458 6.4 22.6164
    endloop
  endfacet
  facet normal 0.977149 -0 0.212557
    outer loop
      vertex -31.8292 0.849999 22.9998
      vertex -31.7458 6.4 22.6164
      vertex -31.8292 6.4 22.9998
    endloop
  endfacet
  facet normal 0.977149 0 -0.212557
    outer loop
      vertex -31.8292 6.4 21.4502
      vertex -31.7458 6.4 21.8336
      vertex -31.7458 0.849999 21.8336
    endloop
  endfacet
  facet normal 0 -1 0
    outer loop
      vertex -31.8292 6.4 21.4502
      vertex 33.2444 6.4 21.8336
      vertex -31.7458 6.4 21.8336
    endloop
  endfacet
  facet normal 0 -1 0
    outer loop
      vertex -31.8292 6.4 21.4502
      vertex 33.3278 6.4 21.4502
      vertex 33.2444 6.4 21.8336
    endloop
  endfacet
  facet normal 0 -1 0
    outer loop
      vertex -31.8292 6.4 22.9998
      vertex -31.7458 6.4 22.6164
      vertex 33.3278 6.4 22.9998
    endloop
  endfacet
  facet normal 0 -1 0
    outer loop
      vertex -31.8292 6.4 22.9998
      vertex 33.3278 6.4 22.9998
      vertex 33.4649 6.4 23.3674
    endloop
  endfacet
  facet normal 0.997451 0 -0.0713557
    outer loop
      vertex -31.7458 0.849999 21.8336
      vertex -31.7458 6.4 21.8336
      vertex -31.7178 0.849999 22.225
    endloop
  endfacet
  facet normal 0.997451 0 0.0713557
    outer loop
      vertex -31.7458 0.849999 22.6164
      vertex -31.7178 0.849999 22.225
      vertex -31.7178 6.4 22.225
    endloop
  endfacet
  facet normal 0.997451 -0 0.0713557
    outer loop
      vertex -31.7458 0.849999 22.6164
      vertex -31.7178 6.4 22.225
      vertex -31.7458 6.4 22.6164
    endloop
  endfacet
  facet normal 0.997451 0 -0.0713557
    outer loop
      vertex -31.7458 6.4 21.8336
      vertex -31.7178 6.4 22.225
      vertex -31.7178 0.849999 22.225
    endloop
  endfacet
  facet normal 0 -1 0
    outer loop
      vertex -31.7458 6.4 21.8336
      vertex 33.2164 6.4 22.225
      vertex -31.7178 6.4 22.225
    endloop
  endfacet
  facet normal 0 -1 0
    outer loop
      vertex -31.7458 6.4 21.8336
      vertex 33.2444 6.4 21.8336
      vertex 33.2164 6.4 22.225
    endloop
  endfacet
  facet normal 0 -1 0
    outer loop
      vertex -31.7458 6.4 22.6164
      vertex -31.7178 6.4 22.225
      vertex 33.2444 6.4 22.6164
    endloop
  endfacet
  facet normal 0 -1 0
    outer loop
      vertex -31.7458 6.4 22.6164
      vertex 33.2444 6.4 22.6164
      vertex 33.3278 6.4 22.9998
    endloop
  endfacet
  facet normal 0 -1 0
    outer loop
      vertex -31.7178 6.4 22.225
      vertex 33.2164 6.4 22.225
      vertex 33.2444 6.4 22.6164
    endloop
  endfacet
  facet normal -0.997451 -0 -0.0713557
    outer loop
      vertex 33.2164 0.849999 22.225
      vertex 33.2164 6.4 22.225
      vertex 33.2444 0.849999 21.8336
    endloop
  endfacet
  facet normal 0 -1 0
    outer loop
      vertex 33.2164 0.849999 22.225
      vertex 33.2444 0.849999 21.8336
      vertex 34.8664 0.849999 22.225
    endloop
  endfacet
  facet normal -0.997451 0 0.0713557
    outer loop
      vertex 33.2164 0.849999 22.225
      vertex 33.2444 0.849999 22.6164
      vertex 33.2444 6.4 22.6164
    endloop
  endfacet
  facet normal -0.997451 0 0.0713557
    outer loop
      vertex 33.2164 0.849999 22.225
      vertex 33.2444 6.4 22.6164
      vertex 33.2164 6.4 22.225
    endloop
  endfacet
  facet normal 0 -1 0
    outer loop
      vertex 33.2164 0.849999 22.225
      vertex 34.8664 0.849999 22.225
      vertex 33.2444 0.849999 22.6164
    endloop
  endfacet
  facet normal -0.997451 0 -0.0713557
    outer loop
      vertex 33.2164 6.4 22.225
      vertex 33.2444 6.4 21.8336
      vertex 33.2444 0.849999 21.8336
    endloop
  endfacet
  facet normal -0.977149 -0 -0.212557
    outer loop
      vertex 33.2444 0.849999 21.8336
      vertex 33.2444 6.4 21.8336
      vertex 33.3278 0.849999 21.4502
    endloop
  endfacet
  facet normal 0 -1 0
    outer loop
      vertex 33.2444 0.849999 21.8336
      vertex 33.3278 0.849999 21.4502
      vertex 34.9327 0.849999 21.8488
    endloop
  endfacet
  facet normal 0 -1 -0
    outer loop
      vertex 33.2444 0.849999 21.8336
      vertex 34.9327 0.849999 21.8488
      vertex 34.8664 0.849999 22.225
    endloop
  endfacet
  facet normal -0.977149 0 0.212557
    outer loop
      vertex 33.2444 0.849999 22.6164
      vertex 33.3278 0.849999 22.9998
      vertex 33.3278 6.4 22.9998
    endloop
  endfacet
  facet normal -0.977149 0 0.212557
    outer loop
      vertex 33.2444 0.849999 22.6164
      vertex 33.3278 6.4 22.9998
      vertex 33.2444 6.4 22.6164
    endloop
  endfacet
  facet normal 0 -1 0
    outer loop
      vertex 33.2444 0.849999 22.6164
      vertex 34.8664 0.849999 22.225
      vertex 34.9327 0.849999 22.6012
    endloop
  endfacet
  facet normal 0 -1 0
    outer loop
      vertex 33.2444 0.849999 22.6164
      vertex 34.9327 0.849999 22.6012
      vertex 33.3278 0.849999 22.9998
    endloop
  endfacet
  facet normal -0.977149 0 -0.212557
    outer loop
      vertex 33.2444 6.4 21.8336
      vertex 33.3278 6.4 21.4502
      vertex 33.3278 0.849999 21.4502
    endloop
  endfacet
  facet normal -0.936956 -0 -0.349447
    outer loop
      vertex 33.3278 0.849999 21.4502
      vertex 33.3278 6.4 21.4502
      vertex 33.4649 0.849999 21.0826
    endloop
  endfacet
  facet normal 0 -1 0
    outer loop
      vertex 33.3278 0.849999 21.4502
      vertex 33.4649 0.849999 21.0826
      vertex 34.9327 0.849999 21.8488
    endloop
  endfacet
  facet normal -0.936956 0 0.349447
    outer loop
      vertex 33.3278 0.849999 22.9998
      vertex 33.4649 0.849999 23.3674
      vertex 33.4649 6.4 23.3674
    endloop
  endfacet
  facet normal -0.936956 0 0.349447
    outer loop
      vertex 33.3278 0.849999 22.9998
      vertex 33.4649 6.4 23.3674
      vertex 33.3278 6.4 22.9998
    endloop
  endfacet
  facet normal 0 -1 0
    outer loop
      vertex 33.3278 0.849999 22.9998
      vertex 34.9327 0.849999 22.6012
      vertex 33.4649 0.849999 23.3674
    endloop
  endfacet
  facet normal -0.936956 0 -0.349447
    outer loop
      vertex 33.3278 6.4 21.4502
      vertex 33.4649 6.4 21.0826
      vertex 33.4649 0.849999 21.0826
    endloop
  endfacet
  facet normal -0.877632 -0 -0.479334
    outer loop
      vertex 33.4649 0.849999 21.0826
      vertex 33.4649 6.4 21.0826
      vertex 33.653 0.849999 20.7382
    endloop
  endfacet
  facet normal 0 -1 0
    outer loop
      vertex 33.4649 0.849999 21.0826
      vertex 33.653 0.849999 20.7382
      vertex 34.9327 0.849999 21.8488
    endloop
  endfacet
  facet normal -0.877632 0 0.479334
    outer loop
      vertex 33.4649 0.849999 23.3674
      vertex 33.653 0.849999 23.7118
      vertex 33.653 6.4 23.7118
    endloop
  endfacet
  facet normal -0.877632 0 0.479334
    outer loop
      vertex 33.4649 0.849999 23.3674
      vertex 33.653 6.4 23.7118
      vertex 33.4649 6.4 23.3674
    endloop
  endfacet
  facet normal 0 -1 0
    outer loop
      vertex 33.4649 0.849999 23.3674
      vertex 34.9327 0.849999 22.6012
      vertex 33.653 0.849999 23.7118
    endloop
  endfacet
  facet normal -0.877632 0 -0.479334
    outer loop
      vertex 33.4649 6.4 21.0826
      vertex 33.653 6.4 20.7382
      vertex 33.653 0.849999 20.7382
    endloop
  endfacet
  facet normal -0.800581 -0 -0.599225
    outer loop
      vertex 33.653 0.849999 20.7382
      vertex 33.653 6.4 20.7382
      vertex 33.8881 0.849999 20.4241
    endloop
  endfacet
  facet normal 0 -1 0
    outer loop
      vertex 33.653 0.849999 20.7382
      vertex 33.8881 0.849999 20.4241
      vertex 35.1238 0.849999 21.5179
    endloop
  endfacet
  facet normal 0 -1 -0
    outer loop
      vertex 33.653 0.849999 20.7382
      vertex 35.1238 0.849999 21.5179
      vertex 34.9327 0.849999 21.8488
    endloop
  endfacet
  facet normal -0.800581 0 0.599225
    outer loop
      vertex 33.653 0.849999 23.7118
      vertex 33.8881 0.849999 24.0259
      vertex 33.8881 6.4 24.0259
    endloop
  endfacet
  facet normal -0.800581 0 0.599225
    outer loop
      vertex 33.653 0.849999 23.7118
      vertex 33.8881 6.4 24.0259
      vertex 33.653 6.4 23.7118
    endloop
  endfacet
  facet normal 0 -1 0
    outer loop
      vertex 33.653 0.849999 23.7118
      vertex 34.9327 0.849999 22.6012
      vertex 35.1238 0.849999 22.9321
    endloop
  endfacet
  facet normal 0 -1 0
    outer loop
      vertex 33.653 0.849999 23.7118
      vertex 35.1238 0.849999 22.9321
      vertex 33.8881 0.849999 24.0259
    endloop
  endfacet
  facet normal -0.800581 0 -0.599225
    outer loop
      vertex 33.653 6.4 20.7382
      vertex 33.8881 6.4 20.4241
      vertex 33.8881 0.849999 20.4241
    endloop
  endfacet
  facet normal -0.707107 -0 -0.707107
    outer loop
      vertex 33.8881 0.849999 20.4241
      vertex 33.8881 6.4 20.4241
      vertex 34.1655 0.849999 20.1467
    endloop
  endfacet
  facet normal 0 -1 0
    outer loop
      vertex 33.8881 0.849999 20.4241
      vertex 34.1655 0.849999 20.1467
      vertex 35.1238 0.849999 21.5179
    endloop
  endfacet
  facet normal -0.707107 0 0.707107
    outer loop
      vertex 33.8881 0.849999 24.0259
      vertex 34.1655 0.849999 24.3033
      vertex 34.1655 6.4 24.3033
    endloop
  endfacet
  facet normal -0.707107 0 0.707107
    outer loop
      vertex 33.8881 0.849999 24.0259
      vertex 34.1655 6.4 24.3033
      vertex 33.8881 6.4 24.0259
    endloop
  endfacet
  facet normal 0 -1 0
    outer loop
      vertex 33.8881 0.849999 24.0259
      vertex 35.1238 0.849999 22.9321
      vertex 34.1655 0.849999 24.3033
    endloop
  endfacet
  facet normal -0.707107 0 -0.707107
    outer loop
      vertex 33.8881 6.4 20.4241
      vertex 34.1655 6.4 20.1467
      vertex 34.1655 0.849999 20.1467
    endloop
  endfacet
  facet normal 0.995193 0 -0.097938
    outer loop
      vertex 33.9664 6.6 22.225
      vertex 33.9664 8.4 22.225
      vertex 34.0048 6.6 22.6152
    endloop
  endfacet
  facet normal 0.995193 0 0.097938
    outer loop
      vertex 33.9664 6.6 22.225
      vertex 34.0048 6.6 21.8348
      vertex 34.0048 8.4 21.8348
    endloop
  endfacet
  facet normal 0 1 0
    outer loop
      vertex 33.9664 6.6 22.225
      vertex 34.0048 6.6 22.6152
      vertex 34.8664 6.6 22.225
    endloop
  endfacet
  facet normal 0.995193 -0 0.097938
    outer loop
      vertex 33.9664 6.6 22.225
      vertex 34.0048 8.4 21.8348
      vertex 33.9664 8.4 22.225
    endloop
  endfacet
  facet normal 0 1 0
    outer loop
      vertex 33.9664 6.6 22.225
      vertex 34.8664 6.6 22.225
      vertex 34.0048 6.6 21.8348
    endloop
  endfacet
  facet normal 0.995193 0 -0.097938
    outer loop
      vertex 33.9664 8.4 22.225
      vertex 34.0048 8.4 22.6152
      vertex 34.0048 6.6 22.6152
    endloop
  endfacet
  facet normal 0.956951 0 0.290248
    outer loop
      vertex 34.0048 6.6 21.8348
      vertex 34.1186 6.6 21.4596
      vertex 34.1186 8.4 21.4596
    endloop
  endfacet
  facet normal 0.956951 -0 0.290248
    outer loop
      vertex 34.0048 6.6 21.8348
      vertex 34.1186 8.4 21.4596
      vertex 34.0048 8.4 21.8348
    endloop
  endfacet
  facet normal 0 1 0
    outer loop
      vertex 34.0048 6.6 21.8348
      vertex 34.8664 6.6 22.225
      vertex 34.9327 6.6 21.8488
    endloop
  endfacet
  facet normal 0 1 0
    outer loop
      vertex 34.0048 6.6 21.8348
      vertex 34.9327 6.6 21.8488
      vertex 34.1186 6.6 21.4596
    endloop
  endfacet
  facet normal 0.956951 0 -0.290248
    outer loop
      vertex 34.0048 6.6 22.6152
      vertex 34.0048 8.4 22.6152
      vertex 34.1186 6.6 22.9904
    endloop
  endfacet
  facet normal 0 1 0
    outer loop
      vertex 34.0048 6.6 22.6152
      vertex 34.1186 6.6 22.9904
      vertex 34.9327 6.6 22.6012
    endloop
  endfacet
  facet normal 0 1 -0
    outer loop
      vertex 34.0048 6.6 22.6152
      vertex 34.9327 6.6 22.6012
      vertex 34.8664 6.6 22.225
    endloop
  endfacet
  facet normal 0.956951 0 -0.290248
    outer loop
      vertex 34.0048 8.4 22.6152
      vertex 34.1186 8.4 22.9904
      vertex 34.1186 6.6 22.9904
    endloop
  endfacet
  facet normal 0.881795 0 0.471634
    outer loop
      vertex 34.1186 6.6 21.4596
      vertex 34.3035 6.6 21.1139
      vertex 34.3035 8.4 21.1139
    endloop
  endfacet
  facet normal 0.881795 -0 0.471634
    outer loop
      vertex 34.1186 6.6 21.4596
      vertex 34.3035 8.4 21.1139
      vertex 34.1186 8.4 21.4596
    endloop
  endfacet
  facet normal 0 1 0
    outer loop
      vertex 34.1186 6.6 21.4596
      vertex 34.9327 6.6 21.8488
      vertex 34.3035 6.6 21.1139
    endloop
  endfacet
  facet normal 0.881795 0 -0.471634
    outer loop
      vertex 34.1186 6.6 22.9904
      vertex 34.1186 8.4 22.9904
      vertex 34.3035 6.6 23.3361
    endloop
  endfacet
  facet normal 0 1 0
    outer loop
      vertex 34.1186 6.6 22.9904
      vertex 34.3035 6.6 23.3361
      vertex 34.9327 6.6 22.6012
    endloop
  endfacet
  facet normal 0.881795 0 -0.471634
    outer loop
      vertex 34.1186 8.4 22.9904
      vertex 34.3035 8.4 23.3361
      vertex 34.3035 6.6 23.3361
    endloop
  endfacet
  facet normal -0.599225 0 -0.800581
    outer loop
      vertex 34.1655 0.849999 20.1467
      vertex 34.1655 6.4 20.1467
      vertex 34.4796 6.4 19.9116
    endloop
  endfacet
  facet normal 0 -1 0
    outer loop
      vertex 34.1655 0.849999 20.1467
      vertex 34.4796 0.849999 19.9116
      vertex 35.4164 0.849999 21.2724
    endloop
  endfacet
  facet normal -0.599225 0 -0.800581
    outer loop
      vertex 34.1655 0.849999 20.1467
      vertex 34.4796 6.4 19.9116
      vertex 34.4796 0.849999 19.9116
    endloop
  endfacet
  facet normal 0 -1 -0
    outer loop
      vertex 34.1655 0.849999 20.1467
      vertex 35.4164 0.849999 21.2724
      vertex 35.1238 0.849999 21.5179
    endloop
  endfacet
  facet normal -0.599225 0 0.800581
    outer loop
      vertex 34.1655 0.849999 24.3033
      vertex 34.4796 0.849999 24.5384
      vertex 34.1655 6.4 24.3033
    endloop
  endfacet
  facet normal 0 -1 0
    outer loop
      vertex 34.1655 0.849999 24.3033
      vertex 35.1238 0.849999 22.9321
      vertex 35.4164 0.849999 23.1776
    endloop
  endfacet
  facet normal 0 -1 0
    outer loop
      vertex 34.1655 0.849999 24.3033
      vertex 35.4164 0.849999 23.1776
      vertex 34.4796 0.849999 24.5384
    endloop
  endfacet
  facet normal -0.599225 0 0.800581
    outer loop
      vertex 34.1655 6.4 24.3033
      vertex 34.4796 0.849999 24.5384
      vertex 34.4796 6.4 24.5384
    endloop
  endfacet
  facet normal 0 -1 0
    outer loop
      vertex 34.1655 6.4 24.3033
      vertex 34.4796 6.4 24.5384
      vertex 50.55 6.4 51.394
    endloop
  endfacet
  facet normal 0.77307 0 0.634321
    outer loop
      vertex 34.3035 6.6 21.1139
      vertex 34.5522 6.6 20.8108
      vertex 34.5522 8.4 20.8108
    endloop
  endfacet
  facet normal 0.77307 -0 0.634321
    outer loop
      vertex 34.3035 6.6 21.1139
      vertex 34.5522 8.4 20.8108
      vertex 34.3035 8.4 21.1139
    endloop
  endfacet
  facet normal 0 1 0
    outer loop
      vertex 34.3035 6.6 21.1139
      vertex 34.9327 6.6 21.8488
      vertex 35.1238 6.6 21.5179
    endloop
  endfacet
  facet normal 0 1 0
    outer loop
      vertex 34.3035 6.6 21.1139
      vertex 35.1238 6.6 21.5179
      vertex 34.5522 6.6 20.8108
    endloop
  endfacet
  facet normal 0.77307 0 -0.634321
    outer loop
      vertex 34.3035 6.6 23.3361
      vertex 34.3035 8.4 23.3361
      vertex 34.5522 6.6 23.6392
    endloop
  endfacet
  facet normal 0 1 0
    outer loop
      vertex 34.3035 6.6 23.3361
      vertex 34.5522 6.6 23.6392
      vertex 35.1238 6.6 22.9321
    endloop
  endfacet
  facet normal 0 1 -0
    outer loop
      vertex 34.3035 6.6 23.3361
      vertex 35.1238 6.6 22.9321
      vertex 34.9327 6.6 22.6012
    endloop
  endfacet
  facet normal 0.77307 0 -0.634321
    outer loop
      vertex 34.3035 8.4 23.3361
      vertex 34.5522 8.4 23.6392
      vertex 34.5522 6.6 23.6392
    endloop
  endfacet
  facet normal -0.479334 0 -0.877632
    outer loop
      vertex 34.4796 0.849999 19.9116
      vertex 34.4796 6.4 19.9116
      vertex 34.824 6.4 19.7235
    endloop
  endfacet
  facet normal 0 -1 0
    outer loop
      vertex 34.4796 0.849999 19.9116
      vertex 34.824 0.849999 19.7235
      vertex 35.4164 0.849999 21.2724
    endloop
  endfacet
  facet normal -0.479334 0 -0.877632
    outer loop
      vertex 34.4796 0.849999 19.9116
      vertex 34.824 6.4 19.7235
      vertex 34.824 0.849999 19.7235
    endloop
  endfacet
  facet normal -0.479334 0 0.877632
    outer loop
      vertex 34.4796 0.849999 24.5384
      vertex 34.824 0.849999 24.7265
      vertex 34.4796 6.4 24.5384
    endloop
  endfacet
  facet normal 0 -1 0
    outer loop
      vertex 34.4796 0.849999 24.5384
      vertex 35.4164 0.849999 23.1776
      vertex 34.824 0.849999 24.7265
    endloop
  endfacet
  facet normal -0.479334 0 0.877632
    outer loop
      vertex 34.4796 6.4 24.5384
      vertex 34.824 0.849999 24.7265
      vertex 34.824 6.4 24.7265
    endloop
  endfacet
  facet normal 0 -1 0
    outer loop
      vertex 34.4796 6.4 24.5384
      vertex 34.824 6.4 24.7265
      vertex 50.55 6.4 51.394
    endloop
  endfacet
  facet normal 0.634321 0 0.77307
    outer loop
      vertex 34.5522 6.6 20.8108
      vertex 34.8553 6.6 20.5621
      vertex 34.5522 8.4 20.8108
    endloop
  endfacet
  facet normal 0 1 0
    outer loop
      vertex 34.5522 6.6 20.8108
      vertex 35.1238 6.6 21.5179
      vertex 35.4164 6.6 21.2724
    endloop
  endfacet
  facet normal 0 1 0
    outer loop
      vertex 34.5522 6.6 20.8108
      vertex 35.4164 6.6 21.2724
      vertex 34.8553 6.6 20.5621
    endloop
  endfacet
  facet normal 0.634321 0 -0.77307
    outer loop
      vertex 34.5522 6.6 23.6392
      vertex 34.5522 8.4 23.6392
      vertex 34.8553 8.4 23.8879
    endloop
  endfacet
  facet normal 0 1 0
    outer loop
      vertex 34.5522 6.6 23.6392
      vertex 34.8553 6.6 23.8879
      vertex 35.4164 6.6 23.1776
    endloop
  endfacet
  facet normal 0.634321 0 -0.77307
    outer loop
      vertex 34.5522 6.6 23.6392
      vertex 34.8553 8.4 23.8879
      vertex 34.8553 6.6 23.8879
    endloop
  endfacet
  facet normal 0 1 -0
    outer loop
      vertex 34.5522 6.6 23.6392
      vertex 35.4164 6.6 23.1776
      vertex 35.1238 6.6 22.9321
    endloop
  endfacet
  facet normal 0.634321 0 0.77307
    outer loop
      vertex 34.5522 8.4 20.8108
      vertex 34.8553 6.6 20.5621
      vertex 34.8553 8.4 20.5621
    endloop
  endfacet
  facet normal 0 1 0
    outer loop
      vertex 34.5522 8.4 23.6392
      vertex 50.55 8.4 51.394
      vertex 34.8553 8.4 23.8879
    endloop
  endfacet
  facet normal -0.349447 0 -0.936956
    outer loop
      vertex 34.824 0.849999 19.7235
      vertex 34.824 6.4 19.7235
      vertex 35.1916 6.4 19.5864
    endloop
  endfacet
  facet normal 0 -1 0
    outer loop
      vertex 34.824 0.849999 19.7235
      vertex 35.1916 0.849999 19.5864
      vertex 35.4164 0.849999 21.2724
    endloop
  endfacet
  facet normal -0.349447 0 -0.936956
    outer loop
      vertex 34.824 0.849999 19.7235
      vertex 35.1916 6.4 19.5864
      vertex 35.1916 0.849999 19.5864
    endloop
  endfacet
  facet normal -0.349447 0 0.936956
    outer loop
      vertex 34.824 0.849999 24.7265
      vertex 35.1916 0.849999 24.8636
      vertex 34.824 6.4 24.7265
    endloop
  endfacet
  facet normal 0 -1 0
    outer loop
      vertex 34.824 0.849999 24.7265
      vertex 35.4164 0.849999 23.1776
      vertex 35.1916 0.849999 24.8636
    endloop
  endfacet
  facet normal -0.349447 0 0.936956
    outer loop
      vertex 34.824 6.4 24.7265
      vertex 35.1916 0.849999 24.8636
      vertex 35.1916 6.4 24.8636
    endloop
  endfacet
  facet normal 0 -1 0
    outer loop
      vertex 34.824 6.4 24.7265
      vertex 35.1916 6.4 24.8636
      vertex 50.55 6.4 51.394
    endloop
  endfacet
  facet normal 0.471634 0 0.881795
    outer loop
      vertex 34.8553 6.6 20.5621
      vertex 35.201 6.6 20.3772
      vertex 34.8553 8.4 20.5621
    endloop
  endfacet
  facet normal 0 1 0
    outer loop
      vertex 34.8553 6.6 20.5621
      vertex 35.4164 6.6 21.2724
      vertex 35.201 6.6 20.3772
    endloop
  endfacet
  facet normal 0.471634 0 -0.881795
    outer loop
      vertex 34.8553 6.6 23.8879
      vertex 34.8553 8.4 23.8879
      vertex 35.201 8.4 24.0728
    endloop
  endfacet
  facet normal 0 1 0
    outer loop
      vertex 34.8553 6.6 23.8879
      vertex 35.201 6.6 24.0728
      vertex 35.4164 6.6 23.1776
    endloop
  endfacet
  facet normal 0.471634 0 -0.881795
    outer loop
      vertex 34.8553 6.6 23.8879
      vertex 35.201 8.4 24.0728
      vertex 35.201 6.6 24.0728
    endloop
  endfacet
  facet normal 0.471634 0 0.881795
    outer loop
      vertex 34.8553 8.4 20.5621
      vertex 35.201 6.6 20.3772
      vertex 35.201 8.4 20.3772
    endloop
  endfacet
  facet normal 0 1 0
    outer loop
      vertex 34.8553 8.4 20.5621
      vertex 35.201 8.4 20.3772
      vertex 53.05 8.4 -5.995
    endloop
  endfacet
  facet normal 0 1 0
    outer loop
      vertex 34.8553 8.4 23.8879
      vertex 50.55 8.4 51.394
      vertex 35.201 8.4 24.0728
    endloop
  endfacet
  facet normal 0.984823 0 -0.173561
    outer loop
      vertex 34.8664 0.849999 22.225
      vertex 34.8664 6.6 22.225
      vertex 34.9327 0.849999 22.6012
    endloop
  endfacet
  facet normal 0.984823 0 0.173561
    outer loop
      vertex 34.8664 0.849999 22.225
      vertex 34.9327 0.849999 21.8488
      vertex 34.9327 6.6 21.8488
    endloop
  endfacet
  facet normal 0.984823 -0 0.173561
    outer loop
      vertex 34.8664 0.849999 22.225
      vertex 34.9327 6.6 21.8488
      vertex 34.8664 6.6 22.225
    endloop
  endfacet
  facet normal 0.984823 0 -0.173561
    outer loop
      vertex 34.8664 6.6 22.225
      vertex 34.9327 6.6 22.6012
      vertex 34.9327 0.849999 22.6012
    endloop
  endfacet
  facet normal 0.865963 0 0.500108
    outer loop
      vertex 34.9327 0.849999 21.8488
      vertex 35.1238 0.849999 21.5179
      vertex 35.1238 6.6 21.5179
    endloop
  endfacet
  facet normal 0.865963 -0 0.500108
    outer loop
      vertex 34.9327 0.849999 21.8488
      vertex 35.1238 6.6 21.5179
      vertex 34.9327 6.6 21.8488
    endloop
  endfacet
  facet normal 0.865963 0 -0.500108
    outer loop
      vertex 34.9327 0.849999 22.6012
      vertex 34.9327 6.6 22.6012
      vertex 35.1238 0.849999 22.9321
    endloop
  endfacet
  facet normal 0.865963 0 -0.500108
    outer loop
      vertex 34.9327 6.6 22.6012
      vertex 35.1238 6.6 22.9321
      vertex 35.1238 0.849999 22.9321
    endloop
  endfacet
  facet normal 0.642756 0 0.766071
    outer loop
      vertex 35.1238 0.849999 21.5179
      vertex 35.4164 0.849999 21.2724
      vertex 35.1238 6.6 21.5179
    endloop
  endfacet
  facet normal 0.642756 0 -0.766071
    outer loop
      vertex 35.1238 0.849999 22.9321
      vertex 35.1238 6.6 22.9321
      vertex 35.4164 6.6 23.1776
    endloop
  endfacet
  facet normal 0.642756 0 -0.766071
    outer loop
      vertex 35.1238 0.849999 22.9321
      vertex 35.4164 6.6 23.1776
      vertex 35.4164 0.849999 23.1776
    endloop
  endfacet
  facet normal 0.642756 0 0.766071
    outer loop
      vertex 35.1238 6.6 21.5179
      vertex 35.4164 0.849999 21.2724
      vertex 35.4164 6.6 21.2724
    endloop
  endfacet
  facet normal -0.212557 0 -0.977149
    outer loop
      vertex 35.1916 0.849999 19.5864
      vertex 35.1916 6.4 19.5864
      vertex 35.575 6.4 19.503
    endloop
  endfacet
  facet normal 0 -1 0
    outer loop
      vertex 35.1916 0.849999 19.5864
      vertex 35.575 0.849999 19.503
      vertex 35.7754 0.849999 21.1417
    endloop
  endfacet
  facet normal -0.212557 0 -0.977149
    outer loop
      vertex 35.1916 0.849999 19.5864
      vertex 35.575 6.4 19.503
      vertex 35.575 0.849999 19.503
    endloop
  endfacet
  facet normal 0 -1 -0
    outer loop
      vertex 35.1916 0.849999 19.5864
      vertex 35.7754 0.849999 21.1417
      vertex 35.4164 0.849999 21.2724
    endloop
  endfacet
  facet normal 0 -1 0
    outer loop
      vertex 35.1916 0.849999 24.8636
      vertex 35.4164 0.849999 23.1776
      vertex 35.7754 0.849999 23.3083
    endloop
  endfacet
  facet normal -0.212557 0 0.977149
    outer loop
      vertex 35.1916 0.849999 24.8636
      vertex 35.575 0.849999 24.947
      vertex 35.1916 6.4 24.8636
    endloop
  endfacet
  facet normal 0 -1 0
    outer loop
      vertex 35.1916 0.849999 24.8636
      vertex 35.7754 0.849999 23.3083
      vertex 35.575 0.849999 24.947
    endloop
  endfacet
  facet normal 0 -1 0
    outer loop
      vertex 35.1916 6.4 19.5864
      vertex 50.55 6.4 14.9352
      vertex 35.575 6.4 19.503
    endloop
  endfacet
  facet normal -0.212557 0 0.977149
    outer loop
      vertex 35.1916 6.4 24.8636
      vertex 35.575 0.849999 24.947
      vertex 35.575 6.4 24.947
    endloop
  endfacet
  facet normal 0 -1 0
    outer loop
      vertex 35.1916 6.4 24.8636
      vertex 35.575 6.4 24.947
      vertex 50.55 6.4 51.394
    endloop
  endfacet
  facet normal 0 1 0
    outer loop
      vertex 35.201 6.6 20.3772
      vertex 35.4164 6.6 21.2724
      vertex 35.7754 6.6 21.1417
    endloop
  endfacet
  facet normal 0.290248 0 0.956951
    outer loop
      vertex 35.201 6.6 20.3772
      vertex 35.5762 6.6 20.2634
      vertex 35.201 8.4 20.3772
    endloop
  endfacet
  facet normal 0 1 0
    outer loop
      vertex 35.201 6.6 20.3772
      vertex 35.7754 6.6 21.1417
      vertex 35.5762 6.6 20.2634
    endloop
  endfacet
  facet normal 0.290248 0 -0.956951
    outer loop
      vertex 35.201 6.6 24.0728
      vertex 35.201 8.4 24.0728
      vertex 35.5762 8.4 24.1866
    endloop
  endfacet
  facet normal 0 1 0
    outer loop
      vertex 35.201 6.6 24.0728
      vertex 35.5762 6.6 24.1866
      vertex 35.7754 6.6 23.3083
    endloop
  endfacet
  facet normal 0.290248 0 -0.956951
    outer loop
      vertex 35.201 6.6 24.0728
      vertex 35.5762 8.4 24.1866
      vertex 35.5762 6.6 24.1866
    endloop
  endfacet
  facet normal 0 1 -0
    outer loop
      vertex 35.201 6.6 24.0728
      vertex 35.7754 6.6 23.3083
      vertex 35.4164 6.6 23.1776
    endloop
  endfacet
  facet normal 0.290248 0 0.956951
    outer loop
      vertex 35.201 8.4 20.3772
      vertex 35.5762 6.6 20.2634
      vertex 35.5762 8.4 20.2634
    endloop
  endfacet
  facet normal 0 1 0
    outer loop
      vertex 35.201 8.4 20.3772
      vertex 35.5762 8.4 20.2634
      vertex 53.05 8.4 -5.995
    endloop
  endfacet
  facet normal 0 1 0
    outer loop
      vertex 35.201 8.4 24.0728
      vertex 50.55 8.4 51.394
      vertex 35.5762 8.4 24.1866
    endloop
  endfacet
  facet normal 0.3421 0 0.939663
    outer loop
      vertex 35.4164 0.849999 21.2724
      vertex 35.7754 0.849999 21.1417
      vertex 35.4164 6.6 21.2724
    endloop
  endfacet
  facet normal 0.3421 0 -0.939663
    outer loop
      vertex 35.4164 0.849999 23.1776
      vertex 35.4164 6.6 23.1776
      vertex 35.7754 6.6 23.3083
    endloop
  endfacet
  facet normal 0.3421 0 -0.939663
    outer loop
      vertex 35.4164 0.849999 23.1776
      vertex 35.7754 6.6 23.3083
      vertex 35.7754 0.849999 23.3083
    endloop
  endfacet
  facet normal 0.3421 0 0.939663
    outer loop
      vertex 35.4164 6.6 21.2724
      vertex 35.7754 0.849999 21.1417
      vertex 35.7754 6.6 21.1417
    endloop
  endfacet
  facet normal -0.0713557 0 -0.997451
    outer loop
      vertex 35.575 0.849999 19.503
      vertex 35.575 6.4 19.503
      vertex 35.9664 6.4 19.475
    endloop
  endfacet
  facet normal 0 -1 0
    outer loop
      vertex 35.575 0.849999 19.503
      vertex 35.9664 0.849999 19.475
      vertex 35.7754 0.849999 21.1417
    endloop
  endfacet
  facet normal -0.0713557 0 -0.997451
    outer loop
      vertex 35.575 0.849999 19.503
      vertex 35.9664 6.4 19.475
      vertex 35.9664 0.849999 19.475
    endloop
  endfacet
  facet normal 0 -1 0
    outer loop
      vertex 35.575 0.849999 24.947
      vertex 35.7754 0.849999 23.3083
      vertex 35.9664 0.849999 24.975
    endloop
  endfacet
  facet normal -0.0713557 0 0.997451
    outer loop
      vertex 35.575 0.849999 24.947
      vertex 35.9664 0.849999 24.975
      vertex 35.575 6.4 24.947
    endloop
  endfacet
  facet normal 0 -1 0
    outer loop
      vertex 35.575 6.4 19.503
      vertex 50.55 6.4 14.9352
      vertex 35.9664 6.4 19.475
    endloop
  endfacet
  facet normal -0.0713557 0 0.997451
    outer loop
      vertex 35.575 6.4 24.947
      vertex 35.9664 0.849999 24.975
      vertex 35.9664 6.4 24.975
    endloop
  endfacet
  facet normal 0 -1 0
    outer loop
      vertex 35.575 6.4 24.947
      vertex 35.9664 6.4 24.975
      vertex 50.55 6.4 51.394
    endloop
  endfacet
  facet normal 0 1 0
    outer loop
      vertex 35.5762 6.6 20.2634
      vertex 35.7754 6.6 21.1417
      vertex 35.9664 6.6 20.225
    endloop
  endfacet
  facet normal 0.097938 0 0.995193
    outer loop
      vertex 35.5762 6.6 20.2634
      vertex 35.9664 6.6 20.225
      vertex 35.5762 8.4 20.2634
    endloop
  endfacet
  facet normal 0.097938 0 -0.995193
    outer loop
      vertex 35.5762 6.6 24.1866
      vertex 35.5762 8.4 24.1866
      vertex 35.9664 8.4 24.225
    endloop
  endfacet
  facet normal 0 1 0
    outer loop
      vertex 35.5762 6.6 24.1866
      vertex 35.9664 6.6 24.225
      vertex 35.7754 6.6 23.3083
    endloop
  endfacet
  facet normal 0.097938 0 -0.995193
    outer loop
      vertex 35.5762 6.6 24.1866
      vertex 35.9664 8.4 24.225
      vertex 35.9664 6.6 24.225
    endloop
  endfacet
  facet normal 0.097938 0 0.995193
    outer loop
      vertex 35.5762 8.4 20.2634
      vertex 35.9664 6.6 20.225
      vertex 35.9664 8.4 20.225
    endloop
  endfacet
  facet normal 0 1 0
    outer loop
      vertex 35.5762 8.4 20.2634
      vertex 35.9664 8.4 20.225
      vertex 53.05 8.4 -5.995
    endloop
  endfacet
  facet normal 0 1 0
    outer loop
      vertex 35.5762 8.4 24.1866
      vertex 50.55 8.4 51.394
      vertex 35.9664 8.4 24.225
    endloop
  endfacet
  facet normal 0 -1 0
    outer loop
      vertex 35.7754 0.849999 21.1417
      vertex 35.9664 0.849999 19.475
      vertex 36.1574 0.849999 21.1417
    endloop
  endfacet
  facet normal 0 0 1
    outer loop
      vertex 35.7754 0.849999 21.1417
      vertex 36.1574 0.849999 21.1417
      vertex 35.7754 6.6 21.1417
    endloop
  endfacet
  facet normal -0 0 -1
    outer loop
      vertex 35.7754 0.849999 23.3083
      vertex 35.7754 6.6 23.3083
      vertex 36.1574 6.6 23.3083
    endloop
  endfacet
  facet normal 0 -1 0
    outer loop
      vertex 35.7754 0.849999 23.3083
      vertex 36.1574 0.849999 23.3083
      vertex 35.9664 0.849999 24.975
    endloop
  endfacet
  facet normal 0 0 -1
    outer loop
      vertex 35.7754 0.849999 23.3083
      vertex 36.1574 6.6 23.3083
      vertex 36.1574 0.849999 23.3083
    endloop
  endfacet
  facet normal -0 0 1
    outer loop
      vertex 35.7754 6.6 21.1417
      vertex 36.1574 0.849999 21.1417
      vertex 36.1574 6.6 21.1417
    endloop
  endfacet
  facet normal 0 1 0
    outer loop
      vertex 35.7754 6.6 21.1417
      vertex 36.1574 6.6 21.1417
      vertex 35.9664 6.6 20.225
    endloop
  endfacet
  facet normal 0 1 0
    outer loop
      vertex 35.7754 6.6 23.3083
      vertex 35.9664 6.6 24.225
      vertex 36.1574 6.6 23.3083
    endloop
  endfacet
  facet normal 0.0713557 0 -0.997451
    outer loop
      vertex 35.9664 0.849999 19.475
      vertex 35.9664 6.4 19.475
      vertex 36.3578 6.4 19.503
    endloop
  endfacet
  facet normal 0 -1 -0
    outer loop
      vertex 35.9664 0.849999 19.475
      vertex 36.3578 0.849999 19.503
      vertex 36.1574 0.849999 21.1417
    endloop
  endfacet
  facet normal 0.0713557 0 -0.997451
    outer loop
      vertex 35.9664 0.849999 19.475
      vertex 36.3578 6.4 19.503
      vertex 36.3578 0.849999 19.503
    endloop
  endfacet
  facet normal 0 -1 0
    outer loop
      vertex 35.9664 0.849999 24.975
      vertex 36.1574 0.849999 23.3083
      vertex 36.3578 0.849999 24.947
    endloop
  endfacet
  facet normal 0.0713557 0 0.997451
    outer loop
      vertex 35.9664 0.849999 24.975
      vertex 36.3578 0.849999 24.947
      vertex 35.9664 6.4 24.975
    endloop
  endfacet
  facet normal 0 -1 0
    outer loop
      vertex 35.9664 6.4 19.475
      vertex 50.55 6.4 14.9352
      vertex 36.3578 6.4 19.503
    endloop
  endfacet
  facet normal 0.0713557 0 0.997451
    outer loop
      vertex 35.9664 6.4 24.975
      vertex 36.3578 0.849999 24.947
      vertex 36.3578 6.4 24.947
    endloop
  endfacet
  facet normal 0 -1 0
    outer loop
      vertex 35.9664 6.4 24.975
      vertex 36.3578 6.4 24.947
      vertex 50.55 6.4 51.394
    endloop
  endfacet
  facet normal 0 1 0
    outer loop
      vertex 35.9664 6.6 20.225
      vertex 36.1574 6.6 21.1417
      vertex 36.3566 6.6 20.2634
    endloop
  endfacet
  facet normal -0.097938 0 0.995193
    outer loop
      vertex 35.9664 6.6 20.225
      vertex 36.3566 6.6 20.2634
      vertex 35.9664 8.4 20.225
    endloop
  endfacet
  facet normal -0.097938 0 -0.995193
    outer loop
      vertex 35.9664 6.6 24.225
      vertex 35.9664 8.4 24.225
      vertex 36.3566 8.4 24.1866
    endloop
  endfacet
  facet normal 0 1 -0
    outer loop
      vertex 35.9664 6.6 24.225
      vertex 36.3566 6.6 24.1866
      vertex 36.1574 6.6 23.3083
    endloop
  endfacet
  facet normal -0.097938 0 -0.995193
    outer loop
      vertex 35.9664 6.6 24.225
      vertex 36.3566 8.4 24.1866
      vertex 36.3566 6.6 24.1866
    endloop
  endfacet
  facet normal -0.097938 0 0.995193
    outer loop
      vertex 35.9664 8.4 20.225
      vertex 36.3566 6.6 20.2634
      vertex 36.3566 8.4 20.2634
    endloop
  endfacet
  facet normal 0 1 0
    outer loop
      vertex 35.9664 8.4 20.225
      vertex 36.3566 8.4 20.2634
      vertex 53.05 8.4 -5.995
    endloop
  endfacet
  facet normal 0 1 0
    outer loop
      vertex 35.9664 8.4 24.225
      vertex 50.55 8.4 51.394
      vertex 36.3566 8.4 24.1866
    endloop
  endfacet
  facet normal 0 -1 0
    outer loop
      vertex 36.1574 0.849999 21.1417
      vertex 36.3578 0.849999 19.503
      vertex 36.7412 0.849999 19.5864
    endloop
  endfacet
  facet normal -0.3421 0 0.939663
    outer loop
      vertex 36.1574 0.849999 21.1417
      vertex 36.5164 0.849999 21.2724
      vertex 36.1574 6.6 21.1417
    endloop
  endfacet
  facet normal 0 -1 0
    outer loop
      vertex 36.1574 0.849999 21.1417
      vertex 36.7412 0.849999 19.5864
      vertex 36.5164 0.849999 21.2724
    endloop
  endfacet
  facet normal -0.3421 0 -0.939663
    outer loop
      vertex 36.1574 0.849999 23.3083
      vertex 36.1574 6.6 23.3083
      vertex 36.5164 6.6 23.1776
    endloop
  endfacet
  facet normal 0 -1 0
    outer loop
      vertex 36.1574 0.849999 23.3083
      vertex 36.5164 0.849999 23.1776
      vertex 36.7412 0.849999 24.8636
    endloop
  endfacet
  facet normal -0.3421 0 -0.939663
    outer loop
      vertex 36.1574 0.849999 23.3083
      vertex 36.5164 6.6 23.1776
      vertex 36.5164 0.849999 23.1776
    endloop
  endfacet
  facet normal 0 -1 -0
    outer loop
      vertex 36.1574 0.849999 23.3083
      vertex 36.7412 0.849999 24.8636
      vertex 36.3578 0.849999 24.947
    endloop
  endfacet
  facet normal -0.3421 0 0.939663
    outer loop
      vertex 36.1574 6.6 21.1417
      vertex 36.5164 0.849999 21.2724
      vertex 36.5164 6.6 21.2724
    endloop
  endfacet
  facet normal 0 1 0
    outer loop
      vertex 36.1574 6.6 21.1417
      vertex 36.5164 6.6 21.2724
      vertex 36.7318 6.6 20.3772
    endloop
  endfacet
  facet normal 0 1 -0
    outer loop
      vertex 36.1574 6.6 21.1417
      vertex 36.7318 6.6 20.3772
      vertex 36.3566 6.6 20.2634
    endloop
  endfacet
  facet normal 0 1 0
    outer loop
      vertex 36.1574 6.6 23.3083
      vertex 36.3566 6.6 24.1866
      vertex 36.7318 6.6 24.0728
    endloop
  endfacet
  facet normal 0 1 0
    outer loop
      vertex 36.1574 6.6 23.3083
      vertex 36.7318 6.6 24.0728
      vertex 36.5164 6.6 23.1776
    endloop
  endfacet
  facet normal -0.290248 0 0.956951
    outer loop
      vertex 36.3566 6.6 20.2634
      vertex 36.7318 6.6 20.3772
      vertex 36.3566 8.4 20.2634
    endloop
  endfacet
  facet normal -0.290248 0 -0.956951
    outer loop
      vertex 36.3566 6.6 24.1866
      vertex 36.3566 8.4 24.1866
      vertex 36.7318 8.4 24.0728
    endloop
  endfacet
  facet normal -0.290248 0 -0.956951
    outer loop
      vertex 36.3566 6.6 24.1866
      vertex 36.7318 8.4 24.0728
      vertex 36.7318 6.6 24.0728
    endloop
  endfacet
  facet normal -0.290248 0 0.956951
    outer loop
      vertex 36.3566 8.4 20.2634
      vertex 36.7318 6.6 20.3772
      vertex 36.7318 8.4 20.3772
    endloop
  endfacet
  facet normal 0 1 0
    outer loop
      vertex 36.3566 8.4 20.2634
      vertex 36.7318 8.4 20.3772
      vertex 53.05 8.4 -5.995
    endloop
  endfacet
  facet normal 0 1 0
    outer loop
      vertex 36.3566 8.4 24.1866
      vertex 50.55 8.4 51.394
      vertex 53.05 8.4 48.894
    endloop
  endfacet
  facet normal 0 1 0
    outer loop
      vertex 36.3566 8.4 24.1866
      vertex 53.05 8.4 48.894
      vertex 36.7318 8.4 24.0728
    endloop
  endfacet
  facet normal 0.212557 0 -0.977149
    outer loop
      vertex 36.3578 0.849999 19.503
      vertex 36.3578 6.4 19.503
      vertex 36.7412 6.4 19.5864
    endloop
  endfacet
  facet normal 0.212557 0 -0.977149
    outer loop
      vertex 36.3578 0.849999 19.503
      vertex 36.7412 6.4 19.5864
      vertex 36.7412 0.849999 19.5864
    endloop
  endfacet
  facet normal 0.212557 0 0.977149
    outer loop
      vertex 36.3578 0.849999 24.947
      vertex 36.7412 0.849999 24.8636
      vertex 36.3578 6.4 24.947
    endloop
  endfacet
  facet normal 0 -1 0
    outer loop
      vertex 36.3578 6.4 19.503
      vertex 50.55 6.4 14.9352
      vertex 36.7412 6.4 19.5864
    endloop
  endfacet
  facet normal 0.212557 0 0.977149
    outer loop
      vertex 36.3578 6.4 24.947
      vertex 36.7412 0.849999 24.8636
      vertex 36.7412 6.4 24.8636
    endloop
  endfacet
  facet normal 0 -1 0
    outer loop
      vertex 36.3578 6.4 24.947
      vertex 36.7412 6.4 24.8636
      vertex 50.55 6.4 51.394
    endloop
  endfacet
  facet normal 0 -1 0
    outer loop
      vertex 36.5164 0.849999 21.2724
      vertex 36.7412 0.849999 19.5864
      vertex 37.1088 0.849999 19.7235
    endloop
  endfacet
  facet normal -0.642756 0 0.766071
    outer loop
      vertex 36.5164 0.849999 21.2724
      vertex 36.809 0.849999 21.5179
      vertex 36.5164 6.6 21.2724
    endloop
  endfacet
  facet normal 0 -1 0
    outer loop
      vertex 36.5164 0.849999 21.2724
      vertex 37.1088 0.849999 19.7235
      vertex 37.4532 0.849999 19.9116
    endloop
  endfacet
  facet normal 0 -1 0
    outer loop
      vertex 36.5164 0.849999 21.2724
      vertex 37.4532 0.849999 19.9116
      vertex 37.7673 0.849999 20.1467
    endloop
  endfacet
  facet normal 0 -1 0
    outer loop
      vertex 36.5164 0.849999 21.2724
      vertex 37.7673 0.849999 20.1467
      vertex 36.809 0.849999 21.5179
    endloop
  endfacet
  facet normal -0.642756 0 -0.766071
    outer loop
      vertex 36.5164 0.849999 23.1776
      vertex 36.5164 6.6 23.1776
      vertex 36.809 6.6 22.9321
    endloop
  endfacet
  facet normal 0 -1 0
    outer loop
      vertex 36.5164 0.849999 23.1776
      vertex 36.809 0.849999 22.9321
      vertex 37.7673 0.849999 24.3033
    endloop
  endfacet
  facet normal -0.642756 0 -0.766071
    outer loop
      vertex 36.5164 0.849999 23.1776
      vertex 36.809 6.6 22.9321
      vertex 36.809 0.849999 22.9321
    endloop
  endfacet
  facet normal 0 -1 -0
    outer loop
      vertex 36.5164 0.849999 23.1776
      vertex 37.1088 0.849999 24.7265
      vertex 36.7412 0.849999 24.8636
    endloop
  endfacet
  facet normal 0 -1 -0
    outer loop
      vertex 36.5164 0.849999 23.1776
      vertex 37.4532 0.849999 24.5384
      vertex 37.1088 0.849999 24.7265
    endloop
  endfacet
  facet normal 0 -1 -0
    outer loop
      vertex 36.5164 0.849999 23.1776
      vertex 37.7673 0.849999 24.3033
      vertex 37.4532 0.849999 24.5384
    endloop
  endfacet
  facet normal -0.642756 0 0.766071
    outer loop
      vertex 36.5164 6.6 21.2724
      vertex 36.809 0.849999 21.5179
      vertex 36.809 6.6 21.5179
    endloop
  endfacet
  facet normal 0 1 0
    outer loop
      vertex 36.5164 6.6 21.2724
      vertex 36.809 6.6 21.5179
      vertex 37.3806 6.6 20.8108
    endloop
  endfacet
  facet normal 0 1 -0
    outer loop
      vertex 36.5164 6.6 21.2724
      vertex 37.0775 6.6 20.5621
      vertex 36.7318 6.6 20.3772
    endloop
  endfacet
  facet normal 0 1 -0
    outer loop
      vertex 36.5164 6.6 21.2724
      vertex 37.3806 6.6 20.8108
      vertex 37.0775 6.6 20.5621
    endloop
  endfacet
  facet normal 0 1 0
    outer loop
      vertex 36.5164 6.6 23.1776
      vertex 36.7318 6.6 24.0728
      vertex 37.0775 6.6 23.8879
    endloop
  endfacet
  facet normal 0 1 0
    outer loop
      vertex 36.5164 6.6 23.1776
      vertex 37.0775 6.6 23.8879
      vertex 37.3806 6.6 23.6392
    endloop
  endfacet
  facet normal 0 1 0
    outer loop
      vertex 36.5164 6.6 23.1776
      vertex 37.3806 6.6 23.6392
      vertex 36.809 6.6 22.9321
    endloop
  endfacet
  facet normal -0.471634 0 0.881795
    outer loop
      vertex 36.7318 6.6 20.3772
      vertex 37.0775 6.6 20.5621
      vertex 36.7318 8.4 20.3772
    endloop
  endfacet
  facet normal -0.471634 0 -0.881795
    outer loop
      vertex 36.7318 6.6 24.0728
      vertex 36.7318 8.4 24.0728
      vertex 37.0775 8.4 23.8879
    endloop
  endfacet
  facet normal -0.471634 0 -0.881795
    outer loop
      vertex 36.7318 6.6 24.0728
      vertex 37.0775 8.4 23.8879
      vertex 37.0775 6.6 23.8879
    endloop
  endfacet
  facet normal -0.471634 0 0.881795
    outer loop
      vertex 36.7318 8.4 20.3772
      vertex 37.0775 6.6 20.5621
      vertex 37.0775 8.4 20.5621
    endloop
  endfacet
  facet normal 0 1 0
    outer loop
      vertex 36.7318 8.4 20.3772
      vertex 37.0775 8.4 20.5621
      vertex 53.05 8.4 -5.995
    endloop
  endfacet
  facet normal 0 1 0
    outer loop
      vertex 36.7318 8.4 24.0728
      vertex 53.05 8.4 48.894
      vertex 37.0775 8.4 23.8879
    endloop
  endfacet
  facet normal 0.349447 0 -0.936956
    outer loop
      vertex 36.7412 0.849999 19.5864
      vertex 36.7412 6.4 19.5864
      vertex 37.1088 6.4 19.7235
    endloop
  endfacet
  facet normal 0.349447 0 -0.936956
    outer loop
      vertex 36.7412 0.849999 19.5864
      vertex 37.1088 6.4 19.7235
      vertex 37.1088 0.849999 19.7235
    endloop
  endfacet
  facet normal 0.349447 0 0.936956
    outer loop
      vertex 36.7412 0.849999 24.8636
      vertex 37.1088 0.849999 24.7265
      vertex 36.7412 6.4 24.8636
    endloop
  endfacet
  facet normal 0 -1 0
    outer loop
      vertex 36.7412 6.4 19.5864
      vertex 50.55 6.4 14.9352
      vertex 37.1088 6.4 19.7235
    endloop
  endfacet
  facet normal 0.349447 0 0.936956
    outer loop
      vertex 36.7412 6.4 24.8636
      vertex 37.1088 0.849999 24.7265
      vertex 37.1088 6.4 24.7265
    endloop
  endfacet
  facet normal 0 -1 0
    outer loop
      vertex 36.7412 6.4 24.8636
      vertex 37.1088 6.4 24.7265
      vertex 50.55 6.4 51.394
    endloop
  endfacet
  facet normal -0.865963 0 0.500108
    outer loop
      vertex 36.809 0.849999 21.5179
      vertex 37.0001 0.849999 21.8488
      vertex 37.0001 6.6 21.8488
    endloop
  endfacet
  facet normal -0.865963 0 0.500108
    outer loop
      vertex 36.809 0.849999 21.5179
      vertex 37.0001 6.6 21.8488
      vertex 36.809 6.6 21.5179
    endloop
  endfacet
  facet normal 0 -1 0
    outer loop
      vertex 36.809 0.849999 21.5179
      vertex 37.7673 0.849999 20.1467
      vertex 38.0447 0.849999 20.4241
    endloop
  endfacet
  facet normal 0 -1 0
    outer loop
      vertex 36.809 0.849999 21.5179
      vertex 38.0447 0.849999 20.4241
      vertex 38.2798 0.849999 20.7382
    endloop
  endfacet
  facet normal 0 -1 0
    outer loop
      vertex 36.809 0.849999 21.5179
      vertex 38.2798 0.849999 20.7382
      vertex 37.0001 0.849999 21.8488
    endloop
  endfacet
  facet normal -0.865963 -0 -0.500108
    outer loop
      vertex 36.809 0.849999 22.9321
      vertex 36.809 6.6 22.9321
      vertex 37.0001 0.849999 22.6012
    endloop
  endfacet
  facet normal 0 -1 0
    outer loop
      vertex 36.809 0.849999 22.9321
      vertex 37.0001 0.849999 22.6012
      vertex 38.2798 0.849999 23.7118
    endloop
  endfacet
  facet normal 0 -1 -0
    outer loop
      vertex 36.809 0.849999 22.9321
      vertex 38.0447 0.849999 24.0259
      vertex 37.7673 0.849999 24.3033
    endloop
  endfacet
  facet normal 0 -1 -0
    outer loop
      vertex 36.809 0.849999 22.9321
      vertex 38.2798 0.849999 23.7118
      vertex 38.0447 0.849999 24.0259
    endloop
  endfacet
  facet normal 0 1 0
    outer loop
      vertex 36.809 6.6 21.5179
      vertex 37.0001 6.6 21.8488
      vertex 37.6293 6.6 21.1139
    endloop
  endfacet
  facet normal 0 1 -0
    outer loop
      vertex 36.809 6.6 21.5179
      vertex 37.6293 6.6 21.1139
      vertex 37.3806 6.6 20.8108
    endloop
  endfacet
  facet normal -0.865963 0 -0.500108
    outer loop
      vertex 36.809 6.6 22.9321
      vertex 37.0001 6.6 22.6012
      vertex 37.0001 0.849999 22.6012
    endloop
  endfacet
  facet normal 0 1 0
    outer loop
      vertex 36.809 6.6 22.9321
      vertex 37.3806 6.6 23.6392
      vertex 37.6293 6.6 23.3361
    endloop
  endfacet
  facet normal 0 1 0
    outer loop
      vertex 36.809 6.6 22.9321
      vertex 37.6293 6.6 23.3361
      vertex 37.0001 6.6 22.6012
    endloop
  endfacet
  facet normal -0.984823 0 0.173561
    outer loop
      vertex 37.0001 0.849999 21.8488
      vertex 37.0664 0.849999 22.225
      vertex 37.0664 6.6 22.225
    endloop
  endfacet
  facet normal -0.984823 0 0.173561
    outer loop
      vertex 37.0001 0.849999 21.8488
      vertex 37.0664 6.6 22.225
      vertex 37.0001 6.6 21.8488
    endloop
  endfacet
  facet normal 0 -1 0
    outer loop
      vertex 37.0001 0.849999 21.8488
      vertex 38.2798 0.849999 20.7382
      vertex 38.4679 0.849999 21.0826
    endloop
  endfacet
  facet normal 0 -1 0
    outer loop
      vertex 37.0001 0.849999 21.8488
      vertex 38.4679 0.849999 21.0826
      vertex 38.605 0.849999 21.4502
    endloop
  endfacet
  facet normal 0 -1 0
    outer loop
      vertex 37.0001 0.849999 21.8488
      vertex 38.605 0.849999 21.4502
      vertex 38.6884 0.849999 21.8336
    endloop
  endfacet
  facet normal 0 -1 0
    outer loop
      vertex 37.0001 0.849999 21.8488
      vertex 38.6884 0.849999 21.8336
      vertex 37.0664 0.849999 22.225
    endloop
  endfacet
  facet normal -0.984823 -0 -0.173561
    outer loop
      vertex 37.0001 0.849999 22.6012
      vertex 37.0001 6.6 22.6012
      vertex 37.0664 0.849999 22.225
    endloop
  endfacet
  facet normal 0 -1 0
    outer loop
      vertex 37.0001 0.849999 22.6012
      vertex 37.0664 0.849999 22.225
      vertex 38.6884 0.849999 22.6164
    endloop
  endfacet
  facet normal 0 -1 -0
    outer loop
      vertex 37.0001 0.849999 22.6012
      vertex 38.4679 0.849999 23.3674
      vertex 38.2798 0.849999 23.7118
    endloop
  endfacet
  facet normal 0 -1 -0
    outer loop
      vertex 37.0001 0.849999 22.6012
      vertex 38.605 0.849999 22.9998
      vertex 38.4679 0.849999 23.3674
    endloop
  endfacet
  facet normal 0 -1 -0
    outer loop
      vertex 37.0001 0.849999 22.6012
      vertex 38.6884 0.849999 22.6164
      vertex 38.605 0.849999 22.9998
    endloop
  endfacet
  facet normal 0 1 0
    outer loop
      vertex 37.0001 6.6 21.8488
      vertex 37.0664 6.6 22.225
      vertex 37.928 6.6 21.8348
    endloop
  endfacet
  facet normal 0 1 -0
    outer loop
      vertex 37.0001 6.6 21.8488
      vertex 37.8142 6.6 21.4596
      vertex 37.6293 6.6 21.1139
    endloop
  endfacet
  facet normal 0 1 -0
    outer loop
      vertex 37.0001 6.6 21.8488
      vertex 37.928 6.6 21.8348
      vertex 37.8142 6.6 21.4596
    endloop
  endfacet
  facet normal -0.984823 0 -0.173561
    outer loop
      vertex 37.0001 6.6 22.6012
      vertex 37.0664 6.6 22.225
      vertex 37.0664 0.849999 22.225
    endloop
  endfacet
  facet normal 0 1 0
    outer loop
      vertex 37.0001 6.6 22.6012
      vertex 37.6293 6.6 23.3361
      vertex 37.8142 6.6 22.9904
    endloop
  endfacet
  facet normal 0 1 0
    outer loop
      vertex 37.0001 6.6 22.6012
      vertex 37.8142 6.6 22.9904
      vertex 37.928 6.6 22.6152
    endloop
  endfacet
  facet normal 0 1 0
    outer loop
      vertex 37.0001 6.6 22.6012
      vertex 37.928 6.6 22.6152
      vertex 37.0664 6.6 22.225
    endloop
  endfacet
  facet normal 0 -1 0
    outer loop
      vertex 37.0664 0.849999 22.225
      vertex 38.6884 0.849999 21.8336
      vertex 38.7164 0.849999 22.225
    endloop
  endfacet
  facet normal 0 -1 0
    outer loop
      vertex 37.0664 0.849999 22.225
      vertex 38.7164 0.849999 22.225
      vertex 38.6884 0.849999 22.6164
    endloop
  endfacet
  facet normal 0 1 0
    outer loop
      vertex 37.0664 6.6 22.225
      vertex 37.928 6.6 22.6152
      vertex 37.9664 6.6 22.225
    endloop
  endfacet
  facet normal 0 1 -0
    outer loop
      vertex 37.0664 6.6 22.225
      vertex 37.9664 6.6 22.225
      vertex 37.928 6.6 21.8348
    endloop
  endfacet
  facet normal -0.634321 0 0.77307
    outer loop
      vertex 37.0775 6.6 20.5621
      vertex 37.3806 6.6 20.8108
      vertex 37.0775 8.4 20.5621
    endloop
  endfacet
  facet normal -0.634321 0 -0.77307
    outer loop
      vertex 37.0775 6.6 23.8879
      vertex 37.0775 8.4 23.8879
      vertex 37.3806 8.4 23.6392
    endloop
  endfacet
  facet normal -0.634321 0 -0.77307
    outer loop
      vertex 37.0775 6.6 23.8879
      vertex 37.3806 8.4 23.6392
      vertex 37.3806 6.6 23.6392
    endloop
  endfacet
  facet normal -0.634321 0 0.77307
    outer loop
      vertex 37.0775 8.4 20.5621
      vertex 37.3806 6.6 20.8108
      vertex 37.3806 8.4 20.8108
    endloop
  endfacet
  facet normal 0 1 0
    outer loop
      vertex 37.0775 8.4 20.5621
      vertex 37.3806 8.4 20.8108
      vertex 53.05 8.4 -5.995
    endloop
  endfacet
  facet normal 0 1 0
    outer loop
      vertex 37.0775 8.4 23.8879
      vertex 53.05 8.4 48.894
      vertex 37.3806 8.4 23.6392
    endloop
  endfacet
  facet normal 0.479334 0 -0.877632
    outer loop
      vertex 37.1088 0.849999 19.7235
      vertex 37.1088 6.4 19.7235
      vertex 37.4532 6.4 19.9116
    endloop
  endfacet
  facet normal 0.479334 0 -0.877632
    outer loop
      vertex 37.1088 0.849999 19.7235
      vertex 37.4532 6.4 19.9116
      vertex 37.4532 0.849999 19.9116
    endloop
  endfacet
  facet normal 0.479334 0 0.877632
    outer loop
      vertex 37.1088 0.849999 24.7265
      vertex 37.4532 0.849999 24.5384
      vertex 37.1088 6.4 24.7265
    endloop
  endfacet
  facet normal 0 -1 0
    outer loop
      vertex 37.1088 6.4 19.7235
      vertex 50.55 6.4 14.9352
      vertex 37.4532 6.4 19.9116
    endloop
  endfacet
  facet normal 0.479334 0 0.877632
    outer loop
      vertex 37.1088 6.4 24.7265
      vertex 37.4532 0.849999 24.5384
      vertex 37.4532 6.4 24.5384
    endloop
  endfacet
  facet normal 0 -1 0
    outer loop
      vertex 37.1088 6.4 24.7265
      vertex 37.4532 6.4 24.5384
      vertex 50.55 6.4 51.394
    endloop
  endfacet
  facet normal -0.77307 0 0.634321
    outer loop
      vertex 37.3806 6.6 20.8108
      vertex 37.6293 6.6 21.1139
      vertex 37.6293 8.4 21.1139
    endloop
  endfacet
  facet normal -0.77307 0 0.634321
    outer loop
      vertex 37.3806 6.6 20.8108
      vertex 37.6293 8.4 21.1139
      vertex 37.3806 8.4 20.8108
    endloop
  endfacet
  facet normal -0.77307 -0 -0.634321
    outer loop
      vertex 37.3806 6.6 23.6392
      vertex 37.3806 8.4 23.6392
      vertex 37.6293 6.6 23.3361
    endloop
  endfacet
  facet normal 0 1 0
    outer loop
      vertex 37.3806 8.4 20.8108
      vertex 37.6293 8.4 21.1139
      vertex 53.05 8.4 -5.995
    endloop
  endfacet
  facet normal -0.77307 0 -0.634321
    outer loop
      vertex 37.3806 8.4 23.6392
      vertex 37.6293 8.4 23.3361
      vertex 37.6293 6.6 23.3361
    endloop
  endfacet
  facet normal 0 1 0
    outer loop
      vertex 37.3806 8.4 23.6392
      vertex 53.05 8.4 48.894
      vertex 37.6293 8.4 23.3361
    endloop
  endfacet
  facet normal 0.599225 0 -0.800581
    outer loop
      vertex 37.4532 0.849999 19.9116
      vertex 37.4532 6.4 19.9116
      vertex 37.7673 6.4 20.1467
    endloop
  endfacet
  facet normal 0.599225 0 -0.800581
    outer loop
      vertex 37.4532 0.849999 19.9116
      vertex 37.7673 6.4 20.1467
      vertex 37.7673 0.849999 20.1467
    endloop
  endfacet
  facet normal 0.599225 0 0.800581
    outer loop
      vertex 37.4532 0.849999 24.5384
      vertex 37.7673 0.849999 24.3033
      vertex 37.4532 6.4 24.5384
    endloop
  endfacet
  facet normal 0 -1 0
    outer loop
      vertex 37.4532 6.4 19.9116
      vertex 50.55 6.4 14.9352
      vertex 37.7673 6.4 20.1467
    endloop
  endfacet
  facet normal 0.599225 0 0.800581
    outer loop
      vertex 37.4532 6.4 24.5384
      vertex 37.7673 0.849999 24.3033
      vertex 37.7673 6.4 24.3033
    endloop
  endfacet
  facet normal 0 -1 0
    outer loop
      vertex 37.4532 6.4 24.5384
      vertex 37.7673 6.4 24.3033
      vertex 50.55 6.4 51.394
    endloop
  endfacet
  facet normal -0.881795 0 0.471634
    outer loop
      vertex 37.6293 6.6 21.1139
      vertex 37.8142 6.6 21.4596
      vertex 37.8142 8.4 21.4596
    endloop
  endfacet
  facet normal -0.881795 0 0.471634
    outer loop
      vertex 37.6293 6.6 21.1139
      vertex 37.8142 8.4 21.4596
      vertex 37.6293 8.4 21.1139
    endloop
  endfacet
  facet normal -0.881795 -0 -0.471634
    outer loop
      vertex 37.6293 6.6 23.3361
      vertex 37.6293 8.4 23.3361
      vertex 37.8142 6.6 22.9904
    endloop
  endfacet
  facet normal 0 1 0
    outer loop
      vertex 37.6293 8.4 21.1139
      vertex 37.8142 8.4 21.4596
      vertex 53.05 8.4 -5.995
    endloop
  endfacet
  facet normal -0.881795 0 -0.471634
    outer loop
      vertex 37.6293 8.4 23.3361
      vertex 37.8142 8.4 22.9904
      vertex 37.8142 6.6 22.9904
    endloop
  endfacet
  facet normal 0 1 0
    outer loop
      vertex 37.6293 8.4 23.3361
      vertex 53.05 8.4 48.894
      vertex 37.8142 8.4 22.9904
    endloop
  endfacet
  facet normal 0.707107 0 -0.707107
    outer loop
      vertex 37.7673 0.849999 20.1467
      vertex 37.7673 6.4 20.1467
      vertex 38.0447 6.4 20.4241
    endloop
  endfacet
  facet normal 0.707107 0 -0.707107
    outer loop
      vertex 37.7673 0.849999 20.1467
      vertex 38.0447 6.4 20.4241
      vertex 38.0447 0.849999 20.4241
    endloop
  endfacet
  facet normal 0.707107 0 0.707107
    outer loop
      vertex 37.7673 0.849999 24.3033
      vertex 38.0447 0.849999 24.0259
      vertex 37.7673 6.4 24.3033
    endloop
  endfacet
  facet normal 0 -1 0
    outer loop
      vertex 37.7673 6.4 20.1467
      vertex 50.55 6.4 14.9352
      vertex 38.0447 6.4 20.4241
    endloop
  endfacet
  facet normal 0.707107 0 0.707107
    outer loop
      vertex 37.7673 6.4 24.3033
      vertex 38.0447 0.849999 24.0259
      vertex 38.0447 6.4 24.0259
    endloop
  endfacet
  facet normal 0 -1 0
    outer loop
      vertex 37.7673 6.4 24.3033
      vertex 38.0447 6.4 24.0259
      vertex 51.05 6.4 51.3371
    endloop
  endfacet
  facet normal -0 -1 0
    outer loop
      vertex 37.7673 6.4 24.3033
      vertex 51.05 6.4 51.3371
      vertex 50.55 6.4 51.394
    endloop
  endfacet
  facet normal -0.956951 0 0.290248
    outer loop
      vertex 37.8142 6.6 21.4596
      vertex 37.928 6.6 21.8348
      vertex 37.928 8.4 21.8348
    endloop
  endfacet
  facet normal -0.956951 0 0.290248
    outer loop
      vertex 37.8142 6.6 21.4596
      vertex 37.928 8.4 21.8348
      vertex 37.8142 8.4 21.4596
    endloop
  endfacet
  facet normal -0.956951 -0 -0.290248
    outer loop
      vertex 37.8142 6.6 22.9904
      vertex 37.8142 8.4 22.9904
      vertex 37.928 6.6 22.6152
    endloop
  endfacet
  facet normal 0 1 0
    outer loop
      vertex 37.8142 8.4 21.4596
      vertex 37.928 8.4 21.8348
      vertex 53.05 8.4 -5.995
    endloop
  endfacet
  facet normal -0.956951 0 -0.290248
    outer loop
      vertex 37.8142 8.4 22.9904
      vertex 37.928 8.4 22.6152
      vertex 37.928 6.6 22.6152
    endloop
  endfacet
  facet normal 0 1 0
    outer loop
      vertex 37.8142 8.4 22.9904
      vertex 53.05 8.4 48.894
      vertex 37.928 8.4 22.6152
    endloop
  endfacet
  facet normal -0.995193 0 0.097938
    outer loop
      vertex 37.928 6.6 21.8348
      vertex 37.9664 6.6 22.225
      vertex 37.9664 8.4 22.225
    endloop
  endfacet
  facet normal -0.995193 0 0.097938
    outer loop
      vertex 37.928 6.6 21.8348
      vertex 37.9664 8.4 22.225
      vertex 37.928 8.4 21.8348
    endloop
  endfacet
  facet normal -0.995193 -0 -0.097938
    outer loop
      vertex 37.928 6.6 22.6152
      vertex 37.928 8.4 22.6152
      vertex 37.9664 6.6 22.225
    endloop
  endfacet
  facet normal 0 1 0
    outer loop
      vertex 37.928 8.4 21.8348
      vertex 37.9664 8.4 22.225
      vertex 53.05 8.4 -5.995
    endloop
  endfacet
  facet normal -0.995193 0 -0.097938
    outer loop
      vertex 37.928 8.4 22.6152
      vertex 37.9664 8.4 22.225
      vertex 37.9664 6.6 22.225
    endloop
  endfacet
  facet normal 0 1 0
    outer loop
      vertex 37.928 8.4 22.6152
      vertex 53.05 8.4 48.894
      vertex 37.9664 8.4 22.225
    endloop
  endfacet
  facet normal 0 1 -0
    outer loop
      vertex 37.9664 8.4 22.225
      vertex 53.05 8.4 48.894
      vertex 53.05 8.4 -5.995
    endloop
  endfacet
  facet normal 0.800581 0 -0.599225
    outer loop
      vertex 38.0447 0.849999 20.4241
      vertex 38.0447 6.4 20.4241
      vertex 38.2798 0.849999 20.7382
    endloop
  endfacet
  facet normal 0.800581 0 0.599225
    outer loop
      vertex 38.0447 0.849999 24.0259
      vertex 38.2798 0.849999 23.7118
      vertex 38.2798 6.4 23.7118
    endloop
  endfacet
  facet normal 0.800581 -0 0.599225
    outer loop
      vertex 38.0447 0.849999 24.0259
      vertex 38.2798 6.4 23.7118
      vertex 38.0447 6.4 24.0259
    endloop
  endfacet
  facet normal 0.800581 0 -0.599225
    outer loop
      vertex 38.0447 6.4 20.4241
      vertex 38.2798 6.4 20.7382
      vertex 38.2798 0.849999 20.7382
    endloop
  endfacet
  facet normal 0 -1 0
    outer loop
      vertex 38.0447 6.4 20.4241
      vertex 50.55 6.4 14.9352
      vertex 38.2798 6.4 20.7382
    endloop
  endfacet
  facet normal 0 -1 0
    outer loop
      vertex 38.0447 6.4 24.0259
      vertex 38.2798 6.4 23.7118
      vertex 51.05 6.4 51.3371
    endloop
  endfacet
  facet normal 0.877632 0 -0.479334
    outer loop
      vertex 38.2798 0.849999 20.7382
      vertex 38.2798 6.4 20.7382
      vertex 38.4679 0.849999 21.0826
    endloop
  endfacet
  facet normal 0.877632 0 0.479334
    outer loop
      vertex 38.2798 0.849999 23.7118
      vertex 38.4679 0.849999 23.3674
      vertex 38.4679 6.4 23.3674
    endloop
  endfacet
  facet normal 0.877632 -0 0.479334
    outer loop
      vertex 38.2798 0.849999 23.7118
      vertex 38.4679 6.4 23.3674
      vertex 38.2798 6.4 23.7118
    endloop
  endfacet
  facet normal 0.877632 0 -0.479334
    outer loop
      vertex 38.2798 6.4 20.7382
      vertex 38.4679 6.4 21.0826
      vertex 38.4679 0.849999 21.0826
    endloop
  endfacet
  facet normal 0 -1 0
    outer loop
      vertex 38.2798 6.4 20.7382
      vertex 50.55 6.4 14.9352
      vertex 38.4679 6.4 21.0826
    endloop
  endfacet
  facet normal 0 -1 0
    outer loop
      vertex 38.2798 6.4 23.7118
      vertex 38.4679 6.4 23.3674
      vertex 51.05 6.4 15.4352
    endloop
  endfacet
  facet normal 0 -1 0
    outer loop
      vertex 38.2798 6.4 23.7118
      vertex 51.05 6.4 15.4352
      vertex 51.05 6.4 51.3371
    endloop
  endfacet
  facet normal 0.936956 0 -0.349447
    outer loop
      vertex 38.4679 0.849999 21.0826
      vertex 38.4679 6.4 21.0826
      vertex 38.605 0.849999 21.4502
    endloop
  endfacet
  facet normal 0.936956 0 0.349447
    outer loop
      vertex 38.4679 0.849999 23.3674
      vertex 38.605 0.849999 22.9998
      vertex 38.605 6.4 22.9998
    endloop
  endfacet
  facet normal 0.936956 -0 0.349447
    outer loop
      vertex 38.4679 0.849999 23.3674
      vertex 38.605 6.4 22.9998
      vertex 38.4679 6.4 23.3674
    endloop
  endfacet
  facet normal 0.936956 0 -0.349447
    outer loop
      vertex 38.4679 6.4 21.0826
      vertex 38.605 6.4 21.4502
      vertex 38.605 0.849999 21.4502
    endloop
  endfacet
  facet normal 0 -1 0
    outer loop
      vertex 38.4679 6.4 21.0826
      vertex 50.55 6.4 14.9352
      vertex 38.605 6.4 21.4502
    endloop
  endfacet
  facet normal 0 -1 0
    outer loop
      vertex 38.4679 6.4 23.3674
      vertex 38.605 6.4 22.9998
      vertex 51.05 6.4 15.4352
    endloop
  endfacet
  facet normal 0.977149 0 -0.212557
    outer loop
      vertex 38.605 0.849999 21.4502
      vertex 38.605 6.4 21.4502
      vertex 38.6884 0.849999 21.8336
    endloop
  endfacet
  facet normal 0.977149 0 0.212557
    outer loop
      vertex 38.605 0.849999 22.9998
      vertex 38.6884 0.849999 22.6164
      vertex 38.6884 6.4 22.6164
    endloop
  endfacet
  facet normal 0.977149 -0 0.212557
    outer loop
      vertex 38.605 0.849999 22.9998
      vertex 38.6884 6.4 22.6164
      vertex 38.605 6.4 22.9998
    endloop
  endfacet
  facet normal 0.977149 0 -0.212557
    outer loop
      vertex 38.605 6.4 21.4502
      vertex 38.6884 6.4 21.8336
      vertex 38.6884 0.849999 21.8336
    endloop
  endfacet
  facet normal 0 -1 0
    outer loop
      vertex 38.605 6.4 21.4502
      vertex 50.55 6.4 14.9352
      vertex 38.6884 6.4 21.8336
    endloop
  endfacet
  facet normal 0 -1 0
    outer loop
      vertex 38.605 6.4 22.9998
      vertex 38.6884 6.4 22.6164
      vertex 51.05 6.4 15.4352
    endloop
  endfacet
  facet normal 0.997451 0 -0.0713557
    outer loop
      vertex 38.6884 0.849999 21.8336
      vertex 38.6884 6.4 21.8336
      vertex 38.7164 0.849999 22.225
    endloop
  endfacet
  facet normal 0.997451 0 0.0713557
    outer loop
      vertex 38.6884 0.849999 22.6164
      vertex 38.7164 0.849999 22.225
      vertex 38.7164 6.4 22.225
    endloop
  endfacet
  facet normal 0.997451 -0 0.0713557
    outer loop
      vertex 38.6884 0.849999 22.6164
      vertex 38.7164 6.4 22.225
      vertex 38.6884 6.4 22.6164
    endloop
  endfacet
  facet normal 0.997451 0 -0.0713557
    outer loop
      vertex 38.6884 6.4 21.8336
      vertex 38.7164 6.4 22.225
      vertex 38.7164 0.849999 22.225
    endloop
  endfacet
  facet normal 0 -1 0
    outer loop
      vertex 38.6884 6.4 21.8336
      vertex 50.55 6.4 14.9352
      vertex 51.05 6.4 15.4352
    endloop
  endfacet
  facet normal 0 -1 0
    outer loop
      vertex 38.6884 6.4 21.8336
      vertex 51.05 6.4 15.4352
      vertex 38.7164 6.4 22.225
    endloop
  endfacet
  facet normal 0 -1 0
    outer loop
      vertex 38.6884 6.4 22.6164
      vertex 38.7164 6.4 22.225
      vertex 51.05 6.4 15.4352
    endloop
  endfacet
  facet normal -1 -0 0
    outer loop
      vertex 46.9098 0 12.7
      vertex 46.9098 0 14.6852
      vertex 46.9098 0.849999 14.6852
    endloop
  endfacet
  facet normal 0 0 -1
    outer loop
      vertex 46.9098 0 12.7
      vertex 46.9098 0.849999 12.7
      vertex 50.65 0 12.7
    endloop
  endfacet
  facet normal -1 0 0
    outer loop
      vertex 46.9098 0 12.7
      vertex 46.9098 0.849999 14.6852
      vertex 46.9098 0.849999 12.7
    endloop
  endfacet
  facet normal 0 -1 0
    outer loop
      vertex 46.9098 0 12.7
      vertex 49.8602 0 14.6852
      vertex 46.9098 0 14.6852
    endloop
  endfacet
  facet normal 0 -1 0
    outer loop
      vertex 46.9098 0 12.7
      vertex 50.65 0 12.7
      vertex 49.8602 0 14.6852
    endloop
  endfacet
  facet normal 0 0 1
    outer loop
      vertex 46.9098 0 14.6852
      vertex 49.8602 0 14.6852
      vertex 46.9098 0.849999 14.6852
    endloop
  endfacet
  facet normal 0 0 -1
    outer loop
      vertex 46.9098 0.849999 12.7
      vertex 50.65 5.4 12.7
      vertex 50.65 0 12.7
    endloop
  endfacet
  facet normal -0 0 1
    outer loop
      vertex 46.9098 0.849999 14.6852
      vertex 49.8602 0 14.6852
      vertex 49.8602 0.849999 14.6852
    endloop
  endfacet
  facet normal 0 -1 0
    outer loop
      vertex 46.9098 0.849999 14.6852
      vertex 49.8602 0.849999 14.6852
      vertex 50.1102 0.849999 14.9352
    endloop
  endfacet
  facet normal -0.707107 0 0.707107
    outer loop
      vertex 49.8602 0 14.6852
      vertex 50.1102 0 14.9352
      vertex 50.1102 0.849999 14.9352
    endloop
  endfacet
  facet normal -0.707107 0 0.707107
    outer loop
      vertex 49.8602 0 14.6852
      vertex 50.1102 0.849999 14.9352
      vertex 49.8602 0.849999 14.6852
    endloop
  endfacet
  facet normal 0 -1 0
    outer loop
      vertex 49.8602 0 14.6852
      vertex 50.55 0 14.9352
      vertex 50.1102 0 14.9352
    endloop
  endfacet
  facet normal 0 -1 0
    outer loop
      vertex 49.8602 0 14.6852
      vertex 50.65 0 12.7
      vertex 50.55 0 14.9352
    endloop
  endfacet
  facet normal 0 0 1
    outer loop
      vertex 50.1102 0 14.9352
      vertex 50.55 0 14.9352
      vertex 50.1102 0.849999 14.9352
    endloop
  endfacet
  facet normal 0 0 1
    outer loop
      vertex 50.1102 0.849999 14.9352
      vertex 50.55 0 14.9352
      vertex 50.55 6.4 14.9352
    endloop
  endfacet
  facet normal 0 -1 0
    outer loop
      vertex 50.55 0 14.9352
      vertex 50.65 0 12.7
      vertex 50.9035 0 15.0817
    endloop
  endfacet
  facet normal -0.382852 0 0.92381
    outer loop
      vertex 50.55 0 14.9352
      vertex 50.9035 0 15.0817
      vertex 50.55 6.4 14.9352
    endloop
  endfacet
  facet normal -0.382852 0 0.92381
    outer loop
      vertex 50.55 6.4 14.9352
      vertex 50.9035 0 15.0817
      vertex 50.9035 6.4 15.0817
    endloop
  endfacet
  facet normal 0 -1 0
    outer loop
      vertex 50.55 6.4 14.9352
      vertex 50.9035 6.4 15.0817
      vertex 51.05 6.4 15.4352
    endloop
  endfacet
  facet normal 0.0785092 0 0.996913
    outer loop
      vertex 50.55 6.4 51.394
      vertex 50.9411 6.4 51.3632
      vertex 50.55 8.4 51.394
    endloop
  endfacet
  facet normal 0 -1 0
    outer loop
      vertex 50.55 6.4 51.394
      vertex 51.05 6.4 51.3371
      vertex 50.9411 6.4 51.3632
    endloop
  endfacet
  facet normal 0.0785092 0 0.996913
    outer loop
      vertex 50.55 8.4 51.394
      vertex 50.9411 6.4 51.3632
      vertex 50.9411 8.4 51.3632
    endloop
  endfacet
  facet normal 0 1 0
    outer loop
      vertex 50.55 8.4 51.394
      vertex 50.9411 8.4 51.3632
      vertex 53.05 8.4 48.894
    endloop
  endfacet
  facet normal -1 -0 0
    outer loop
      vertex 50.65 -1.2 -7
      vertex 50.65 -1.2 -6
      vertex 50.65 0 -6
    endloop
  endfacet
  facet normal -1 0 0
    outer loop
      vertex 50.65 -1.2 -7
      vertex 50.65 0 -6
      vertex 50.65 5.4 -7
    endloop
  endfacet
  facet normal 0 0 -1
    outer loop
      vertex 50.65 -1.2 -7
      vertex 50.65 5.4 -7
      vertex 52.05 -1.2 -7
    endloop
  endfacet
  facet normal 0 -1 0
    outer loop
      vertex 50.65 -1.2 -7
      vertex 52.05 -1.2 -7
      vertex 50.65 -1.2 -6
    endloop
  endfacet
  facet normal 0 -1 0
    outer loop
      vertex 50.65 -1.2 -6
      vertex 52.05 -1.2 -7
      vertex 52.05 -1.2 -6
    endloop
  endfacet
  facet normal 0 0 1
    outer loop
      vertex 50.65 -1.2 -6
      vertex 52.05 -1.2 -6
      vertex 50.65 0 -6
    endloop
  endfacet
  facet normal -1 -0 0
    outer loop
      vertex 50.65 0 -6
      vertex 50.65 0 12.7
      vertex 50.65 5.4 12.7
    endloop
  endfacet
  facet normal -1 0 0
    outer loop
      vertex 50.65 0 -6
      vertex 50.65 5.4 12.7
      vertex 50.65 5.4 -7
    endloop
  endfacet
  facet normal -0 0 1
    outer loop
      vertex 50.65 0 -6
      vertex 52.05 -1.2 -6
      vertex 52.05 0 -6
    endloop
  endfacet
  facet normal 0 -1 0
    outer loop
      vertex 50.65 0 -6
      vertex 52.05 0 -6
      vertex 50.65 0 12.7
    endloop
  endfacet
  facet normal 0 -1 0
    outer loop
      vertex 50.65 0 12.7
      vertex 51.05 0 15.4352
      vertex 50.9035 0 15.0817
    endloop
  endfacet
  facet normal 0 -1 0
    outer loop
      vertex 50.65 0 12.7
      vertex 52.05 0 -6
      vertex 51.05 0 15.4352
    endloop
  endfacet
  facet normal 0 0 -1
    outer loop
      vertex 50.65 5.4 -7
      vertex 52.05 7.4 -7
      vertex 52.05 -1.2 -7
    endloop
  endfacet
  facet normal -0.92381 0 0.382852
    outer loop
      vertex 50.9035 0 15.0817
      vertex 51.05 0 15.4352
      vertex 51.05 6.4 15.4352
    endloop
  endfacet
  facet normal -0.92381 0 0.382852
    outer loop
      vertex 50.9035 0 15.0817
      vertex 51.05 6.4 15.4352
      vertex 50.9035 6.4 15.0817
    endloop
  endfacet
  facet normal 0.233069 0 0.97246
    outer loop
      vertex 50.9411 6.4 51.3632
      vertex 51.05 6.4 51.3371
      vertex 50.9411 8.4 51.3632
    endloop
  endfacet
  facet normal 0.233527 2.63865e-05 0.97235
    outer loop
      vertex 50.9411 8.4 51.3632
      vertex 51.05 6.4 51.3371
      vertex 51.3225 8.4 51.2716
    endloop
  endfacet
  facet normal 0 1 0
    outer loop
      vertex 50.9411 8.4 51.3632
      vertex 51.3225 8.4 51.2716
      vertex 53.05 8.4 48.894
    endloop
  endfacet
  facet normal -1 -0 0
    outer loop
      vertex 51.05 -1.2 50.3021
      vertex 51.05 -1.2 51.3371
      vertex 51.05 0 51.3371
    endloop
  endfacet
  facet normal -0.382276 0 -0.924048
    outer loop
      vertex 51.05 -1.2 50.3021
      vertex 51.05 0 50.3021
      vertex 51.2296 0 50.2278
    endloop
  endfacet
  facet normal -1 0 0
    outer loop
      vertex 51.05 -1.2 50.3021
      vertex 51.05 0 51.3371
      vertex 51.05 0 50.3021
    endloop
  endfacet
  facet normal 0 -1 0
    outer loop
      vertex 51.05 -1.2 50.3021
      vertex 51.2296 -1.2 50.2278
      vertex 51.685 -1.2 51.1215
    endloop
  endfacet
  facet normal -0.382276 0 -0.924048
    outer loop
      vertex 51.05 -1.2 50.3021
      vertex 51.2296 0 50.2278
      vertex 51.2296 -1.2 50.2278
    endloop
  endfacet
  facet normal 0 -1 0
    outer loop
      vertex 51.05 -1.2 50.3021
      vertex 51.3225 -1.2 51.2716
      vertex 51.05 -1.2 51.3371
    endloop
  endfacet
  facet normal 0 -1 -0
    outer loop
      vertex 51.05 -1.2 50.3021
      vertex 51.685 -1.2 51.1215
      vertex 51.3225 -1.2 51.2716
    endloop
  endfacet
  facet normal 0.23371 0 0.972306
    outer loop
      vertex 51.05 -1.2 51.3371
      vertex 51.3225 -1.2 51.2716
      vertex 51.05 0 51.3371
    endloop
  endfacet
  facet normal -1 0 0
    outer loop
      vertex 51.05 0 15.4352
      vertex 51.05 0 50.3021
      vertex 51.05 6.4 15.4352
    endloop
  endfacet
  facet normal 0 -1 0
    outer loop
      vertex 51.05 0 15.4352
      vertex 52.05 0 -6
      vertex 52.05 0 48.8547
    endloop
  endfacet
  facet normal 0 -1 0
    outer loop
      vertex 51.05 0 15.4352
      vertex 52.05 0 48.8547
      vertex 51.05 0 50.3021
    endloop
  endfacet
  facet normal -1 0 0
    outer loop
      vertex 51.05 0 50.3021
      vertex 51.05 0 51.3371
      vertex 51.05 6.4 51.3371
    endloop
  endfacet
  facet normal -1 0 0
    outer loop
      vertex 51.05 0 50.3021
      vertex 51.05 6.4 51.3371
      vertex 51.05 6.4 15.4352
    endloop
  endfacet
  facet normal 0 -1 0
    outer loop
      vertex 51.05 0 50.3021
      vertex 51.4299 0 50.105
      vertex 51.2296 0 50.2278
    endloop
  endfacet
  facet normal 0 -1 0
    outer loop
      vertex 51.05 0 50.3021
      vertex 51.6085 0 49.9525
      vertex 51.4299 0 50.105
    endloop
  endfacet
  facet normal 0 -1 0
    outer loop
      vertex 51.05 0 50.3021
      vertex 51.761 0 49.7739
      vertex 51.6085 0 49.9525
    endloop
  endfacet
  facet normal 0 -1 0
    outer loop
      vertex 51.05 0 50.3021
      vertex 51.8838 0 49.5735
      vertex 51.761 0 49.7739
    endloop
  endfacet
  facet normal 0 -1 0
    outer loop
      vertex 51.05 0 50.3021
      vertex 51.9736 0 49.3566
      vertex 51.8838 0 49.5735
    endloop
  endfacet
  facet normal 0 -1 0
    outer loop
      vertex 51.05 0 50.3021
      vertex 52.0285 0 49.1281
      vertex 51.9736 0 49.3566
    endloop
  endfacet
  facet normal 0 -1 0
    outer loop
      vertex 51.05 0 50.3021
      vertex 52.05 0 48.8547
      vertex 52.0285 0 49.1281
    endloop
  endfacet
  facet normal 0.23371 0 0.972306
    outer loop
      vertex 51.05 0 51.3371
      vertex 51.3225 -1.2 51.2716
      vertex 51.3225 0 51.2716
    endloop
  endfacet
  facet normal 0.23371 0 0.972306
    outer loop
      vertex 51.05 0 51.3371
      vertex 51.3225 0 51.2716
      vertex 51.05 6.4 51.3371
    endloop
  endfacet
  facet normal 0.23371 0 0.972306
    outer loop
      vertex 51.05 6.4 51.3371
      vertex 51.3225 0 51.2716
      vertex 51.3225 8.4 51.2716
    endloop
  endfacet
  facet normal -0.522672 0 -0.852534
    outer loop
      vertex 51.2296 -1.2 50.2278
      vertex 51.2296 0 50.2278
      vertex 51.4299 0 50.105
    endloop
  endfacet
  facet normal 0 -1 0
    outer loop
      vertex 51.2296 -1.2 50.2278
      vertex 51.4299 -1.2 50.105
      vertex 52.0195 -1.2 50.9165
    endloop
  endfacet
  facet normal -0.522672 0 -0.852534
    outer loop
      vertex 51.2296 -1.2 50.2278
      vertex 51.4299 0 50.105
      vertex 51.4299 -1.2 50.105
    endloop
  endfacet
  facet normal 0 -1 -0
    outer loop
      vertex 51.2296 -1.2 50.2278
      vertex 52.0195 -1.2 50.9165
      vertex 51.685 -1.2 51.1215
    endloop
  endfacet
  facet normal 0.382569 0 0.923927
    outer loop
      vertex 51.3225 -1.2 51.2716
      vertex 51.685 -1.2 51.1215
      vertex 51.3225 0 51.2716
    endloop
  endfacet
  facet normal 0.382569 0 0.923927
    outer loop
      vertex 51.3225 0 51.2716
      vertex 51.685 -1.2 51.1215
      vertex 51.685 8.4 51.1215
    endloop
  endfacet
  facet normal 0.382569 -0 0.923927
    outer loop
      vertex 51.3225 0 51.2716
      vertex 51.685 8.4 51.1215
      vertex 51.3225 8.4 51.2716
    endloop
  endfacet
  facet normal 0 1 0
    outer loop
      vertex 51.3225 8.4 51.2716
      vertex 51.685 8.4 51.1215
      vertex 53.05 8.4 48.894
    endloop
  endfacet
  facet normal -0.649352 0 -0.760488
    outer loop
      vertex 51.4299 -1.2 50.105
      vertex 51.4299 0 50.105
      vertex 51.6085 0 49.9525
    endloop
  endfacet
  facet normal 0 -1 0
    outer loop
      vertex 51.4299 -1.2 50.105
      vertex 51.6085 -1.2 49.9525
      vertex 52.3177 -1.2 50.6617
    endloop
  endfacet
  facet normal -0.649352 0 -0.760488
    outer loop
      vertex 51.4299 -1.2 50.105
      vertex 51.6085 0 49.9525
      vertex 51.6085 -1.2 49.9525
    endloop
  endfacet
  facet normal 0 -1 -0
    outer loop
      vertex 51.4299 -1.2 50.105
      vertex 52.3177 -1.2 50.6617
      vertex 52.0195 -1.2 50.9165
    endloop
  endfacet
  facet normal -0.760488 -0 -0.649352
    outer loop
      vertex 51.6085 -1.2 49.9525
      vertex 51.6085 0 49.9525
      vertex 51.761 -1.2 49.7739
    endloop
  endfacet
  facet normal 0 -1 0
    outer loop
      vertex 51.6085 -1.2 49.9525
      vertex 51.761 -1.2 49.7739
      vertex 52.5725 -1.2 50.3634
    endloop
  endfacet
  facet normal 0 -1 -0
    outer loop
      vertex 51.6085 -1.2 49.9525
      vertex 52.5725 -1.2 50.3634
      vertex 52.3177 -1.2 50.6617
    endloop
  endfacet
  facet normal -0.760488 0 -0.649352
    outer loop
      vertex 51.6085 0 49.9525
      vertex 51.761 0 49.7739
      vertex 51.761 -1.2 49.7739
    endloop
  endfacet
  facet normal 0.522532 0 0.85262
    outer loop
      vertex 51.685 -1.2 51.1215
      vertex 52.0195 -1.2 50.9165
      vertex 51.685 8.4 51.1215
    endloop
  endfacet
  facet normal 0.522532 0 0.85262
    outer loop
      vertex 51.685 8.4 51.1215
      vertex 52.0195 -1.2 50.9165
      vertex 52.0195 8.4 50.9165
    endloop
  endfacet
  facet normal 0 1 0
    outer loop
      vertex 51.685 8.4 51.1215
      vertex 52.0195 8.4 50.9165
      vertex 53.05 8.4 48.894
    endloop
  endfacet
  facet normal -0.85265 -0 -0.522482
    outer loop
      vertex 51.761 -1.2 49.7739
      vertex 51.761 0 49.7739
      vertex 51.8838 -1.2 49.5735
    endloop
  endfacet
  facet normal 0 -1 0
    outer loop
      vertex 51.761 -1.2 49.7739
      vertex 51.8838 -1.2 49.5735
      vertex 52.7775 -1.2 50.029
    endloop
  endfacet
  facet normal 0 -1 -0
    outer loop
      vertex 51.761 -1.2 49.7739
      vertex 52.7775 -1.2 50.029
      vertex 52.5725 -1.2 50.3634
    endloop
  endfacet
  facet normal -0.85265 0 -0.522482
    outer loop
      vertex 51.761 0 49.7739
      vertex 51.8838 0 49.5735
      vertex 51.8838 -1.2 49.5735
    endloop
  endfacet
  facet normal -0.923944 -0 -0.382527
    outer loop
      vertex 51.8838 -1.2 49.5735
      vertex 51.8838 0 49.5735
      vertex 51.9736 -1.2 49.3566
    endloop
  endfacet
  facet normal 0 -1 0
    outer loop
      vertex 51.8838 -1.2 49.5735
      vertex 51.9736 -1.2 49.3566
      vertex 52.9276 -1.2 49.6665
    endloop
  endfacet
  facet normal 0 -1 -0
    outer loop
      vertex 51.8838 -1.2 49.5735
      vertex 52.9276 -1.2 49.6665
      vertex 52.7775 -1.2 50.029
    endloop
  endfacet
  facet normal -0.923944 0 -0.382527
    outer loop
      vertex 51.8838 0 49.5735
      vertex 51.9736 0 49.3566
      vertex 51.9736 -1.2 49.3566
    endloop
  endfacet
  facet normal -0.972329 -0 -0.233614
    outer loop
      vertex 51.9736 -1.2 49.3566
      vertex 51.9736 0 49.3566
      vertex 52.0285 -1.2 49.1281
    endloop
  endfacet
  facet normal 0 -1 0
    outer loop
      vertex 51.9736 -1.2 49.3566
      vertex 52.0285 -1.2 49.1281
      vertex 53.0192 -1.2 49.2851
    endloop
  endfacet
  facet normal 0 -1 0
    outer loop
      vertex 51.9736 -1.2 49.3566
      vertex 53.0192 -1.2 49.2851
      vertex 52.9276 -1.2 49.6665
    endloop
  endfacet
  facet normal -0.972329 0 -0.233614
    outer loop
      vertex 51.9736 0 49.3566
      vertex 52.0285 0 49.1281
      vertex 52.0285 -1.2 49.1281
    endloop
  endfacet
  facet normal 0.649615 0 0.760263
    outer loop
      vertex 52.0195 -1.2 50.9165
      vertex 52.3177 -1.2 50.6617
      vertex 52.0195 8.4 50.9165
    endloop
  endfacet
  facet normal 0.649615 0 0.760263
    outer loop
      vertex 52.0195 8.4 50.9165
      vertex 52.3177 -1.2 50.6617
      vertex 52.3177 8.4 50.6617
    endloop
  endfacet
  facet normal 0 1 0
    outer loop
      vertex 52.0195 8.4 50.9165
      vertex 52.3177 8.4 50.6617
      vertex 53.05 8.4 48.894
    endloop
  endfacet
  facet normal -0.996922 -0 -0.0783973
    outer loop
      vertex 52.0285 -1.2 49.1281
      vertex 52.0285 0 49.1281
      vertex 52.05 -1.2 48.8547
    endloop
  endfacet
  facet normal 0 -1 0
    outer loop
      vertex 52.0285 -1.2 49.1281
      vertex 52.05 -1.2 48.8547
      vertex 53.05 -1.2 48.894
    endloop
  endfacet
  facet normal 0 -1 0
    outer loop
      vertex 52.0285 -1.2 49.1281
      vertex 53.05 -1.2 48.894
      vertex 53.0192 -1.2 49.2851
    endloop
  endfacet
  facet normal -0.996922 0 -0.0783973
    outer loop
      vertex 52.0285 0 49.1281
      vertex 52.05 0 48.8547
      vertex 52.05 -1.2 48.8547
    endloop
  endfacet
  facet normal 0.705329 0 -0.70888
    outer loop
      vertex 52.05 -1.2 -7
      vertex 52.05 7.4 -7
      vertex 53.05 0 -6.00501
    endloop
  endfacet
  facet normal 0 -1 0
    outer loop
      vertex 52.05 -1.2 -7
      vertex 53.05 -1.2 -6.00501
      vertex 52.05 -1.2 -6
    endloop
  endfacet
  facet normal 0.705329 0 -0.70888
    outer loop
      vertex 52.05 -1.2 -7
      vertex 53.05 0 -6.00501
      vertex 53.05 -1.2 -6.00501
    endloop
  endfacet
  facet normal -1 -0 0
    outer loop
      vertex 52.05 -1.2 -6
      vertex 52.05 -1.2 48.8547
      vertex 52.05 0 48.8547
    endloop
  endfacet
  facet normal -1 0 0
    outer loop
      vertex 52.05 -1.2 -6
      vertex 52.05 0 48.8547
      vertex 52.05 0 -6
    endloop
  endfacet
  facet normal 0 -1 0
    outer loop
      vertex 52.05 -1.2 -6
      vertex 53.05 -1.2 -6.00501
      vertex 52.05 -1.2 48.8547
    endloop
  endfacet
  facet normal 0 -1 0
    outer loop
      vertex 52.05 -1.2 48.8547
      vertex 53.05 -1.2 -6.00501
      vertex 53.05 -1.2 48.894
    endloop
  endfacet
  facet normal 0.990992 0.133918 0
    outer loop
      vertex 52.05 7.4 -7
      vertex 53.05 0 -6.005
      vertex 53.05 0 -6.00501
    endloop
  endfacet
  facet normal 0.705332 0 -0.708877
    outer loop
      vertex 52.05 7.4 -7
      vertex 53.05 8.4 -6.005
      vertex 53.05 0 -6.005
    endloop
  endfacet
  facet normal 0.760371 0 0.649489
    outer loop
      vertex 52.3177 -1.2 50.6617
      vertex 52.5725 -1.2 50.3634
      vertex 52.5725 8.4 50.3634
    endloop
  endfacet
  facet normal 0.760371 -0 0.649489
    outer loop
      vertex 52.3177 -1.2 50.6617
      vertex 52.5725 8.4 50.3634
      vertex 52.3177 8.4 50.6617
    endloop
  endfacet
  facet normal 0 1 0
    outer loop
      vertex 52.3177 8.4 50.6617
      vertex 52.5725 8.4 50.3634
      vertex 53.05 8.4 48.894
    endloop
  endfacet
  facet normal 0.85255 0 0.522646
    outer loop
      vertex 52.5725 -1.2 50.3634
      vertex 52.7775 -1.2 50.029
      vertex 52.7775 8.4 50.029
    endloop
  endfacet
  facet normal 0.85255 -0 0.522646
    outer loop
      vertex 52.5725 -1.2 50.3634
      vertex 52.7775 8.4 50.029
      vertex 52.5725 8.4 50.3634
    endloop
  endfacet
  facet normal 0 1 0
    outer loop
      vertex 52.5725 8.4 50.3634
      vertex 52.7775 8.4 50.029
      vertex 53.05 8.4 48.894
    endloop
  endfacet
  facet normal 0.923927 0 0.382569
    outer loop
      vertex 52.7775 -1.2 50.029
      vertex 52.9276 -1.2 49.6665
      vertex 52.9276 8.4 49.6665
    endloop
  endfacet
  facet normal 0.923927 -0 0.382569
    outer loop
      vertex 52.7775 -1.2 50.029
      vertex 52.9276 8.4 49.6665
      vertex 52.7775 8.4 50.029
    endloop
  endfacet
  facet normal 0 1 0
    outer loop
      vertex 52.7775 8.4 50.029
      vertex 52.9276 8.4 49.6665
      vertex 53.05 8.4 48.894
    endloop
  endfacet
  facet normal 0.97235 0 0.233527
    outer loop
      vertex 52.9276 -1.2 49.6665
      vertex 53.0192 -1.2 49.2851
      vertex 53.0192 8.4 49.2851
    endloop
  endfacet
  facet normal 0.97235 -0 0.233527
    outer loop
      vertex 52.9276 -1.2 49.6665
      vertex 53.0192 8.4 49.2851
      vertex 52.9276 8.4 49.6665
    endloop
  endfacet
  facet normal 0 1 0
    outer loop
      vertex 52.9276 8.4 49.6665
      vertex 53.0192 8.4 49.2851
      vertex 53.05 8.4 48.894
    endloop
  endfacet
  facet normal 0.996913 0 0.0785092
    outer loop
      vertex 53.0192 -1.2 49.2851
      vertex 53.05 -1.2 48.894
      vertex 53.05 8.4 48.894
    endloop
  endfacet
  facet normal 0.996913 -0 0.0785092
    outer loop
      vertex 53.0192 -1.2 49.2851
      vertex 53.05 8.4 48.894
      vertex 53.0192 8.4 49.2851
    endloop
  endfacet
  facet normal 1 0 0
    outer loop
      vertex 53.05 -1.2 -6.00501
      vertex 53.05 0 -6.00501
      vertex 53.05 0 -5.995
    endloop
  endfacet
  facet normal 1 0 0
    outer loop
      vertex 53.05 -1.2 -6.00501
      vertex 53.05 0 -5.995
      vertex 53.05 -1.2 48.894
    endloop
  endfacet
  facet normal 1 -0 0
    outer loop
      vertex 53.05 -1.2 48.894
      vertex 53.05 0 -5.995
      vertex 53.05 8.4 48.894
    endloop
  endfacet
  facet normal -0 0 0
    outer loop
      vertex 53.05 0 -6.00501
      vertex 53.05 0 -6.005
      vertex 53.05 0 -5.995
    endloop
  endfacet
  facet normal 1 0 0
    outer loop
      vertex 53.05 0 -6.005
      vertex 53.05 8.4 -6.005
      vertex 53.05 0 -5.995
    endloop
  endfacet
  facet normal 1 -0 0
    outer loop
      vertex 53.05 0 -5.995
      vertex 53.05 8.4 -6.005
      vertex 53.05 8.4 -5.995
    endloop
  endfacet
  facet normal 1 0 0
    outer loop
      vertex 53.05 0 -5.995
      vertex 53.05 8.4 -5.995
      vertex 53.05 8.4 48.894
    endloop
  endfacet
endsolid OpenSCAD_Model
